dataset,backbone,pipeline,kind,seed,deep_mAP,zernike_mAP,fused_mAP,omega,param
Kimia-99,ResNet-18,k2,full,3001,0.727827,0.600745,0.778999,0.500000,32
Kimia-99,ResNet-18,k2,trunc,3001,0.727827,0.716379,0.808505,0.500000,11
Kimia-99,ResNet-18,k2.5,full,3001,0.727827,0.608522,0.775596,0.500000,32
Kimia-99,ResNet-18,k2.5,trunc,3001,0.727827,0.733435,0.816608,0.500000,15
Kimia-99,ResNet-18,k3,full,3001,0.727827,0.650176,0.796647,0.500000,32
Kimia-99,ResNet-18,k3,trunc,3001,0.727827,0.742204,0.819326,0.500000,19
Kimia-99,ResNet-18,k3.5,full,3001,0.727827,0.683770,0.805456,0.500000,32
Kimia-99,ResNet-18,k3.5,trunc,3001,0.727827,0.743910,0.823041,0.500000,21
Kimia-99,ResNet-18,k4,full,3001,0.727827,0.717670,0.817078,0.500000,32
Kimia-99,ResNet-18,k4,trunc,3001,0.727827,0.745948,0.825092,0.500000,25
Kimia-99,ResNet-18,k5,full,3001,0.727827,0.747240,0.827103,0.500000,32
Kimia-99,ResNet-18,k5,trunc,3001,0.727827,0.747240,0.827103,0.500000,32
Kimia-99,ResNet-18,k6,full,3001,0.727827,0.729183,0.818452,0.500000,32
Kimia-99,ResNet-18,k6,trunc,3001,0.727827,0.706028,0.811112,0.250000,19
Kimia-99,ResNet-18,k8,full,3001,0.727827,0.715926,0.794575,0.250000,32
Kimia-99,ResNet-18,k8,trunc,3001,0.727827,0.709658,0.799782,0.250000,28
Kimia-99,ResNet-18,LEG,full,3001,0.727827,0.427390,0.768810,0.750000,32
Kimia-99,ResNet-18,LEG,trunc,3001,0.727827,0.634689,0.764340,0.500000,6
Kimia-99,ResNet-18,kval_le3,full,3001,0.727827,0.650176,0.796647,0.500000,k3/32
Kimia-99,ResNet-18,kval_ext,full,3001,0.727827,0.747240,0.827103,0.500000,k5/32
Kimia-99,ResNet-18,kval_le3,trunc,3001,0.727827,0.733435,0.816608,0.500000,k2.5/15
Kimia-99,ResNet-18,kval_ext,trunc,3001,0.727827,0.745948,0.825092,0.500000,k4/25
Kimia-99,ResNet-18,k2,full,3002,0.710766,0.586746,0.764118,0.750000,32
Kimia-99,ResNet-18,k2,trunc,3002,0.710766,0.769576,0.834363,0.500000,9
Kimia-99,ResNet-18,k2.5,full,3002,0.710766,0.649360,0.791390,0.750000,32
Kimia-99,ResNet-18,k2.5,trunc,3002,0.710766,0.762757,0.838480,0.500000,14
Kimia-99,ResNet-18,k3,full,3002,0.710766,0.711577,0.817224,0.500000,32
Kimia-99,ResNet-18,k3,trunc,3002,0.710766,0.766450,0.839005,0.500000,15
Kimia-99,ResNet-18,k3.5,full,3002,0.710766,0.722390,0.819934,0.500000,32
Kimia-99,ResNet-18,k3.5,trunc,3002,0.710766,0.755798,0.838829,0.500000,21
Kimia-99,ResNet-18,k4,full,3002,0.710766,0.745578,0.837576,0.500000,32
Kimia-99,ResNet-18,k4,trunc,3002,0.710766,0.754881,0.842179,0.500000,25
Kimia-99,ResNet-18,k5,full,3002,0.710766,0.746980,0.840485,0.500000,32
Kimia-99,ResNet-18,k5,trunc,3002,0.710766,0.748561,0.837072,0.500000,31
Kimia-99,ResNet-18,k6,full,3002,0.710766,0.759214,0.829503,0.500000,32
Kimia-99,ResNet-18,k6,trunc,3002,0.710766,0.707233,0.824236,0.500000,25
Kimia-99,ResNet-18,k8,full,3002,0.710766,0.692183,0.814998,0.500000,32
Kimia-99,ResNet-18,k8,trunc,3002,0.710766,0.692183,0.814998,0.500000,32
Kimia-99,ResNet-18,LEG,full,3002,0.710766,0.458646,0.730426,0.750000,32
Kimia-99,ResNet-18,LEG,trunc,3002,0.710766,0.611220,0.753579,0.500000,9
Kimia-99,ResNet-18,kval_le3,full,3002,0.710766,0.711577,0.817224,0.500000,k3/32
Kimia-99,ResNet-18,kval_ext,full,3002,0.710766,0.746980,0.840485,0.500000,k5/32
Kimia-99,ResNet-18,kval_le3,trunc,3002,0.710766,0.766450,0.839005,0.500000,k3/15
Kimia-99,ResNet-18,kval_ext,trunc,3002,0.710766,0.748561,0.837072,0.500000,k5/31
Kimia-99,ResNet-18,k2,full,3003,0.642586,0.543746,0.720718,0.750000,32
Kimia-99,ResNet-18,k2,trunc,3003,0.642586,0.708346,0.772856,0.500000,11
Kimia-99,ResNet-18,k2.5,full,3003,0.642586,0.576929,0.722772,0.750000,32
Kimia-99,ResNet-18,k2.5,trunc,3003,0.642586,0.720758,0.785556,0.500000,11
Kimia-99,ResNet-18,k3,full,3003,0.642586,0.671179,0.769513,0.500000,32
Kimia-99,ResNet-18,k3,trunc,3003,0.642586,0.713823,0.776680,0.500000,15
Kimia-99,ResNet-18,k3.5,full,3003,0.642586,0.710743,0.782121,0.500000,32
Kimia-99,ResNet-18,k3.5,trunc,3003,0.642586,0.715998,0.775509,0.500000,17
Kimia-99,ResNet-18,k4,full,3003,0.642586,0.729146,0.791101,0.500000,32
Kimia-99,ResNet-18,k4,trunc,3003,0.642586,0.718931,0.779231,0.500000,19
Kimia-99,ResNet-18,k5,full,3003,0.642586,0.731883,0.792851,0.500000,32
Kimia-99,ResNet-18,k5,trunc,3003,0.642586,0.715262,0.774746,0.500000,25
Kimia-99,ResNet-18,k6,full,3003,0.642586,0.718031,0.761772,0.500000,32
Kimia-99,ResNet-18,k6,trunc,3003,0.642586,0.717161,0.769804,0.500000,31
Kimia-99,ResNet-18,k8,full,3003,0.642586,0.720168,0.791642,0.500000,32
Kimia-99,ResNet-18,k8,trunc,3003,0.642586,0.710027,0.790817,0.250000,21
Kimia-99,ResNet-18,LEG,full,3003,0.642586,0.434984,0.661600,0.750000,32
Kimia-99,ResNet-18,LEG,trunc,3003,0.642586,0.462624,0.662072,0.750000,22
Kimia-99,ResNet-18,kval_le3,full,3003,0.642586,0.671179,0.769513,0.500000,k3/32
Kimia-99,ResNet-18,kval_ext,full,3003,0.642586,0.718031,0.761772,0.500000,k6/32
Kimia-99,ResNet-18,kval_le3,trunc,3003,0.642586,0.720758,0.785556,0.500000,k2.5/11
Kimia-99,ResNet-18,kval_ext,trunc,3003,0.642586,0.720758,0.785556,0.500000,k2.5/11
Kimia-99,ResNet-18,k2,full,3004,0.694074,0.582126,0.769574,0.750000,32
Kimia-99,ResNet-18,k2,trunc,3004,0.694074,0.705344,0.777448,0.500000,9
Kimia-99,ResNet-18,k2.5,full,3004,0.694074,0.618068,0.777237,0.750000,32
Kimia-99,ResNet-18,k2.5,trunc,3004,0.694074,0.729341,0.795221,0.500000,13
Kimia-99,ResNet-18,k3,full,3004,0.694074,0.672072,0.799129,0.750000,32
Kimia-99,ResNet-18,k3,trunc,3004,0.694074,0.717775,0.803101,0.500000,15
Kimia-99,ResNet-18,k3.5,full,3004,0.694074,0.701379,0.809054,0.500000,32
Kimia-99,ResNet-18,k3.5,trunc,3004,0.694074,0.731450,0.800669,0.500000,19
Kimia-99,ResNet-18,k4,full,3004,0.694074,0.699914,0.802399,0.500000,32
Kimia-99,ResNet-18,k4,trunc,3004,0.694074,0.724648,0.805440,0.500000,21
Kimia-99,ResNet-18,k5,full,3004,0.694074,0.740173,0.807116,0.500000,32
Kimia-99,ResNet-18,k5,trunc,3004,0.694074,0.728761,0.805626,0.500000,27
Kimia-99,ResNet-18,k6,full,3004,0.694074,0.726663,0.800511,0.500000,32
Kimia-99,ResNet-18,k6,trunc,3004,0.694074,0.724814,0.805602,0.500000,31
Kimia-99,ResNet-18,k8,full,3004,0.694074,0.718306,0.798475,0.500000,32
Kimia-99,ResNet-18,k8,trunc,3004,0.694074,0.718306,0.798475,0.500000,32
Kimia-99,ResNet-18,LEG,full,3004,0.694074,0.455988,0.736918,0.750000,32
Kimia-99,ResNet-18,LEG,trunc,3004,0.694074,0.589569,0.744601,0.750000,7
Kimia-99,ResNet-18,kval_le3,full,3004,0.694074,0.618068,0.777237,0.750000,k2.5/32
Kimia-99,ResNet-18,kval_ext,full,3004,0.694074,0.740173,0.807116,0.500000,k5/32
Kimia-99,ResNet-18,kval_le3,trunc,3004,0.694074,0.729341,0.795221,0.500000,k2.5/13
Kimia-99,ResNet-18,kval_ext,trunc,3004,0.694074,0.729341,0.795221,0.500000,k2.5/13
Kimia-99,ResNet-18,k2,full,3005,0.671322,0.603163,0.746192,0.750000,32
Kimia-99,ResNet-18,k2,trunc,3005,0.671322,0.674365,0.778154,0.750000,14
Kimia-99,ResNet-18,k2.5,full,3005,0.671322,0.644358,0.769641,0.750000,32
Kimia-99,ResNet-18,k2.5,trunc,3005,0.671322,0.645098,0.760712,0.500000,7
Kimia-99,ResNet-18,k3,full,3005,0.671322,0.659408,0.779848,0.750000,32
Kimia-99,ResNet-18,k3,trunc,3005,0.671322,0.644634,0.763110,0.500000,9
Kimia-99,ResNet-18,k3.5,full,3005,0.671322,0.666604,0.779525,0.500000,32
Kimia-99,ResNet-18,k3.5,trunc,3005,0.671322,0.654009,0.766064,0.500000,11
Kimia-99,ResNet-18,k4,full,3005,0.671322,0.674934,0.782063,0.750000,32
Kimia-99,ResNet-18,k4,trunc,3005,0.671322,0.652130,0.767028,0.500000,13
Kimia-99,ResNet-18,k5,full,3005,0.671322,0.709080,0.781605,0.750000,32
Kimia-99,ResNet-18,k5,trunc,3005,0.671322,0.649425,0.766440,0.500000,17
Kimia-99,ResNet-18,k6,full,3005,0.671322,0.705606,0.791429,0.500000,32
Kimia-99,ResNet-18,k6,trunc,3005,0.671322,0.650777,0.767966,0.500000,21
Kimia-99,ResNet-18,k8,full,3005,0.671322,0.652858,0.768447,0.500000,32
Kimia-99,ResNet-18,k8,trunc,3005,0.671322,0.648909,0.767860,0.500000,29
Kimia-99,ResNet-18,LEG,full,3005,0.671322,0.448005,0.703183,0.750000,32
Kimia-99,ResNet-18,LEG,trunc,3005,0.671322,0.518323,0.709637,0.750000,11
Kimia-99,ResNet-18,kval_le3,full,3005,0.671322,0.659408,0.779848,0.750000,k3/32
Kimia-99,ResNet-18,kval_ext,full,3005,0.671322,0.652858,0.768447,0.500000,k8/32
Kimia-99,ResNet-18,kval_le3,trunc,3005,0.671322,0.644634,0.763110,0.500000,k3/9
Kimia-99,ResNet-18,kval_ext,trunc,3005,0.671322,0.652130,0.767028,0.500000,k4/13
Kimia-99,ResNet-18,k2,full,3006,0.699671,0.552752,0.749256,0.750000,32
Kimia-99,ResNet-18,k2,trunc,3006,0.699671,0.681642,0.786779,0.500000,6
Kimia-99,ResNet-18,k2.5,full,3006,0.699671,0.607800,0.772883,0.750000,32
Kimia-99,ResNet-18,k2.5,trunc,3006,0.699671,0.690974,0.792851,0.500000,8
Kimia-99,ResNet-18,k3,full,3006,0.699671,0.641033,0.771326,0.500000,32
Kimia-99,ResNet-18,k3,trunc,3006,0.699671,0.692046,0.794884,0.500000,10
Kimia-99,ResNet-18,k3.5,full,3006,0.699671,0.625065,0.765663,0.500000,32
Kimia-99,ResNet-18,k3.5,trunc,3006,0.699671,0.703449,0.800894,0.500000,11
Kimia-99,ResNet-18,k4,full,3006,0.699671,0.645885,0.798039,0.750000,32
Kimia-99,ResNet-18,k4,trunc,3006,0.699671,0.717058,0.802630,0.500000,13
Kimia-99,ResNet-18,k5,full,3006,0.699671,0.683425,0.791254,0.500000,32
Kimia-99,ResNet-18,k5,trunc,3006,0.699671,0.702605,0.800533,0.500000,16
Kimia-99,ResNet-18,k6,full,3006,0.699671,0.686372,0.792040,0.500000,32
Kimia-99,ResNet-18,k6,trunc,3006,0.699671,0.707306,0.798578,0.500000,20
Kimia-99,ResNet-18,k8,full,3006,0.699671,0.700123,0.796557,0.500000,32
Kimia-99,ResNet-18,k8,trunc,3006,0.699671,0.708648,0.801559,0.500000,27
Kimia-99,ResNet-18,LEG,full,3006,0.699671,0.448313,0.709337,0.750000,32
Kimia-99,ResNet-18,LEG,trunc,3006,0.699671,0.616087,0.756054,0.750000,7
Kimia-99,ResNet-18,kval_le3,full,3006,0.699671,0.641033,0.771326,0.500000,k3/32
Kimia-99,ResNet-18,kval_ext,full,3006,0.699671,0.700123,0.796557,0.500000,k8/32
Kimia-99,ResNet-18,kval_le3,trunc,3006,0.699671,0.692046,0.794884,0.500000,k3/10
Kimia-99,ResNet-18,kval_ext,trunc,3006,0.699671,0.707306,0.798578,0.500000,k6/20
Kimia-99,ResNet-18,k2,full,3007,0.672852,0.588111,0.713244,0.500000,32
Kimia-99,ResNet-18,k2,trunc,3007,0.672852,0.664258,0.752229,0.500000,15
Kimia-99,ResNet-18,k2.5,full,3007,0.672852,0.615084,0.737525,0.750000,32
Kimia-99,ResNet-18,k2.5,trunc,3007,0.672852,0.672007,0.757816,0.500000,19
Kimia-99,ResNet-18,k3,full,3007,0.672852,0.637559,0.741004,0.500000,32
Kimia-99,ResNet-18,k3,trunc,3007,0.672852,0.667319,0.755529,0.500000,23
Kimia-99,ResNet-18,k3.5,full,3007,0.672852,0.643794,0.743676,0.500000,32
Kimia-99,ResNet-18,k3.5,trunc,3007,0.672852,0.668781,0.756666,0.500000,27
Kimia-99,ResNet-18,k4,full,3007,0.672852,0.654474,0.750268,0.500000,32
Kimia-99,ResNet-18,k4,trunc,3007,0.672852,0.676001,0.757349,0.500000,31
Kimia-99,ResNet-18,k5,full,3007,0.672852,0.714953,0.782917,0.500000,32
Kimia-99,ResNet-18,k5,trunc,3007,0.672852,0.714953,0.782917,0.500000,32
Kimia-99,ResNet-18,k6,full,3007,0.672852,0.693849,0.769564,0.500000,32
Kimia-99,ResNet-18,k6,trunc,3007,0.672852,0.703696,0.772316,0.500000,27
Kimia-99,ResNet-18,k8,full,3007,0.672852,0.703293,0.783316,0.500000,32
Kimia-99,ResNet-18,k8,trunc,3007,0.672852,0.692817,0.770884,0.250000,24
Kimia-99,ResNet-18,LEG,full,3007,0.672852,0.494563,0.698861,0.750000,32
Kimia-99,ResNet-18,LEG,trunc,3007,0.672852,0.636408,0.740555,0.750000,7
Kimia-99,ResNet-18,kval_le3,full,3007,0.672852,0.637559,0.741004,0.500000,k3/32
Kimia-99,ResNet-18,kval_ext,full,3007,0.672852,0.654474,0.750268,0.500000,k4/32
Kimia-99,ResNet-18,kval_le3,trunc,3007,0.672852,0.672007,0.757816,0.500000,k2.5/19
Kimia-99,ResNet-18,kval_ext,trunc,3007,0.672852,0.668781,0.756666,0.500000,k3.5/27
Kimia-99,ResNet-18,k2,full,3008,0.727605,0.565289,0.780804,0.500000,32
Kimia-99,ResNet-18,k2,trunc,3008,0.727605,0.673724,0.768653,0.250000,6
Kimia-99,ResNet-18,k2.5,full,3008,0.727605,0.618245,0.815846,0.750000,32
Kimia-99,ResNet-18,k2.5,trunc,3008,0.727605,0.672896,0.764174,0.250000,7
Kimia-99,ResNet-18,k3,full,3008,0.727605,0.687703,0.817148,0.500000,32
Kimia-99,ResNet-18,k3,trunc,3008,0.727605,0.673157,0.772870,0.250000,9
Kimia-99,ResNet-18,k3.5,full,3008,0.727605,0.689956,0.820668,0.500000,32
Kimia-99,ResNet-18,k3.5,trunc,3008,0.727605,0.681321,0.781044,0.250000,11
Kimia-99,ResNet-18,k4,full,3008,0.727605,0.715784,0.813803,0.500000,32
Kimia-99,ResNet-18,k4,trunc,3008,0.727605,0.686675,0.788693,0.250000,13
Kimia-99,ResNet-18,k5,full,3008,0.727605,0.731478,0.820033,0.500000,32
Kimia-99,ResNet-18,k5,trunc,3008,0.727605,0.682718,0.787235,0.250000,17
Kimia-99,ResNet-18,k6,full,3008,0.727605,0.721430,0.802557,0.500000,32
Kimia-99,ResNet-18,k6,trunc,3008,0.727605,0.688421,0.789049,0.250000,21
Kimia-99,ResNet-18,k8,full,3008,0.727605,0.709677,0.791394,0.250000,32
Kimia-99,ResNet-18,k8,trunc,3008,0.727605,0.683993,0.786272,0.250000,27
Kimia-99,ResNet-18,LEG,full,3008,0.727605,0.420083,0.759421,0.750000,32
Kimia-99,ResNet-18,LEG,trunc,3008,0.727605,0.594237,0.727751,0.500000,6
Kimia-99,ResNet-18,kval_le3,full,3008,0.727605,0.687703,0.817148,0.500000,k3/32
Kimia-99,ResNet-18,kval_ext,full,3008,0.727605,0.731478,0.820033,0.500000,k5/32
Kimia-99,ResNet-18,kval_le3,trunc,3008,0.727605,0.672896,0.764174,0.250000,k2.5/7
Kimia-99,ResNet-18,kval_ext,trunc,3008,0.727605,0.672896,0.764174,0.250000,k2.5/7
Kimia-99,ResNet-18,k2,full,3009,0.630440,0.546267,0.690107,0.750000,32
Kimia-99,ResNet-18,k2,trunc,3009,0.630440,0.666795,0.754039,0.500000,13
Kimia-99,ResNet-18,k2.5,full,3009,0.630440,0.607960,0.695137,0.750000,32
Kimia-99,ResNet-18,k2.5,trunc,3009,0.630440,0.701537,0.777373,0.500000,15
Kimia-99,ResNet-18,k3,full,3009,0.630440,0.639719,0.703515,0.750000,32
Kimia-99,ResNet-18,k3,trunc,3009,0.630440,0.699710,0.775798,0.500000,19
Kimia-99,ResNet-18,k3.5,full,3009,0.630440,0.624503,0.711473,0.750000,32
Kimia-99,ResNet-18,k3.5,trunc,3009,0.630440,0.685928,0.757031,0.500000,25
Kimia-99,ResNet-18,k4,full,3009,0.630440,0.651933,0.739527,0.500000,32
Kimia-99,ResNet-18,k4,trunc,3009,0.630440,0.680903,0.756790,0.500000,29
Kimia-99,ResNet-18,k5,full,3009,0.630440,0.709788,0.784925,0.500000,32
Kimia-99,ResNet-18,k5,trunc,3009,0.630440,0.714178,0.786904,0.500000,31
Kimia-99,ResNet-18,k6,full,3009,0.630440,0.711533,0.778900,0.500000,32
Kimia-99,ResNet-18,k6,trunc,3009,0.630440,0.711713,0.781178,0.250000,14
Kimia-99,ResNet-18,k8,full,3009,0.630440,0.741929,0.795964,0.500000,32
Kimia-99,ResNet-18,k8,trunc,3009,0.630440,0.728555,0.786925,0.500000,26
Kimia-99,ResNet-18,LEG,full,3009,0.630440,0.421474,0.656751,0.750000,32
Kimia-99,ResNet-18,LEG,trunc,3009,0.630440,0.643310,0.713751,0.750000,9
Kimia-99,ResNet-18,kval_le3,full,3009,0.630440,0.607960,0.695137,0.750000,k2.5/32
Kimia-99,ResNet-18,kval_ext,full,3009,0.630440,0.709788,0.784925,0.500000,k5/32
Kimia-99,ResNet-18,kval_le3,trunc,3009,0.630440,0.699710,0.775798,0.500000,k3/19
Kimia-99,ResNet-18,kval_ext,trunc,3009,0.630440,0.680903,0.756790,0.500000,k4/29
Kimia-99,ResNet-18,k2,full,3010,0.685919,0.619209,0.766403,0.750000,32
Kimia-99,ResNet-18,k2,trunc,3010,0.685919,0.713024,0.793029,0.750000,13
Kimia-99,ResNet-18,k2.5,full,3010,0.685919,0.661937,0.779266,0.750000,32
Kimia-99,ResNet-18,k2.5,trunc,3010,0.685919,0.740700,0.798379,0.750000,15
Kimia-99,ResNet-18,k3,full,3010,0.685919,0.677988,0.787432,0.750000,32
Kimia-99,ResNet-18,k3,trunc,3010,0.685919,0.729258,0.796679,0.750000,21
Kimia-99,ResNet-18,k3.5,full,3010,0.685919,0.681512,0.792244,0.750000,32
Kimia-99,ResNet-18,k3.5,trunc,3010,0.685919,0.739069,0.798359,0.750000,21
Kimia-99,ResNet-18,k4,full,3010,0.685919,0.696565,0.795644,0.750000,32
Kimia-99,ResNet-18,k4,trunc,3010,0.685919,0.689727,0.801803,0.500000,17
Kimia-99,ResNet-18,k5,full,3010,0.685919,0.733646,0.803347,0.750000,32
Kimia-99,ResNet-18,k5,trunc,3010,0.685919,0.680144,0.801876,0.500000,21
Kimia-99,ResNet-18,k6,full,3010,0.685919,0.710075,0.795545,0.750000,32
Kimia-99,ResNet-18,k6,trunc,3010,0.685919,0.689611,0.801384,0.500000,27
Kimia-99,ResNet-18,k8,full,3010,0.685919,0.679230,0.801221,0.500000,32
Kimia-99,ResNet-18,k8,trunc,3010,0.685919,0.679230,0.801221,0.500000,32
Kimia-99,ResNet-18,LEG,full,3010,0.685919,0.476016,0.712347,0.750000,32
Kimia-99,ResNet-18,LEG,trunc,3010,0.685919,0.622837,0.745869,0.750000,6
Kimia-99,ResNet-18,kval_le3,full,3010,0.685919,0.677988,0.787432,0.750000,k3/32
Kimia-99,ResNet-18,kval_ext,full,3010,0.685919,0.733646,0.803347,0.750000,k5/32
Kimia-99,ResNet-18,kval_le3,trunc,3010,0.685919,0.740700,0.798379,0.750000,k2.5/15
Kimia-99,ResNet-18,kval_ext,trunc,3010,0.685919,0.740700,0.798379,0.750000,k2.5/15
Kimia-216,ResNet-18,k2,full,3001,0.854896,0.925073,0.942034,0.500000,32
Kimia-216,ResNet-18,k2,trunc,3001,0.854896,0.928217,0.953675,0.500000,14
Kimia-216,ResNet-18,k2.5,full,3001,0.854896,0.929445,0.947983,0.500000,32
Kimia-216,ResNet-18,k2.5,trunc,3001,0.854896,0.929888,0.956225,0.500000,20
Kimia-216,ResNet-18,k3,full,3001,0.854896,0.925793,0.950824,0.500000,32
Kimia-216,ResNet-18,k3,trunc,3001,0.854896,0.924775,0.952878,0.500000,24
Kimia-216,ResNet-18,k3.5,full,3001,0.854896,0.924575,0.952499,0.500000,32
Kimia-216,ResNet-18,k3.5,trunc,3001,0.854896,0.922991,0.950465,0.500000,26
Kimia-216,ResNet-18,k4,full,3001,0.854896,0.924878,0.951528,0.500000,32
Kimia-216,ResNet-18,k4,trunc,3001,0.854896,0.923305,0.950312,0.500000,31
Kimia-216,ResNet-18,k5,full,3001,0.854896,0.916173,0.939859,0.500000,32
Kimia-216,ResNet-18,k5,trunc,3001,0.854896,0.916173,0.939859,0.500000,32
Kimia-216,ResNet-18,k6,full,3001,0.854896,0.908713,0.929623,0.500000,32
Kimia-216,ResNet-18,k6,trunc,3001,0.854896,0.907712,0.927334,0.500000,31
Kimia-216,ResNet-18,k8,full,3001,0.854896,0.862693,0.912723,0.500000,32
Kimia-216,ResNet-18,k8,trunc,3001,0.854896,0.856478,0.909594,0.500000,31
Kimia-216,ResNet-18,LEG,full,3001,0.854896,0.845405,0.896506,0.500000,32
Kimia-216,ResNet-18,LEG,trunc,3001,0.854896,0.834189,0.894275,0.500000,18
Kimia-216,ResNet-18,kval_le3,full,3001,0.854896,0.925793,0.950824,0.500000,k3/32
Kimia-216,ResNet-18,kval_ext,full,3001,0.854896,0.924878,0.951528,0.500000,k4/32
Kimia-216,ResNet-18,kval_le3,trunc,3001,0.854896,0.928217,0.953675,0.500000,k2/14
Kimia-216,ResNet-18,kval_ext,trunc,3001,0.854896,0.928217,0.953675,0.500000,k2/14
Kimia-216,ResNet-18,k2,full,3002,0.888333,0.919884,0.959333,0.500000,32
Kimia-216,ResNet-18,k2,trunc,3002,0.888333,0.930045,0.969139,0.250000,14
Kimia-216,ResNet-18,k2.5,full,3002,0.888333,0.922552,0.960310,0.500000,32
Kimia-216,ResNet-18,k2.5,trunc,3002,0.888333,0.928286,0.968605,0.500000,20
Kimia-216,ResNet-18,k3,full,3002,0.888333,0.926355,0.963304,0.250000,32
Kimia-216,ResNet-18,k3,trunc,3002,0.888333,0.928893,0.966091,0.500000,24
Kimia-216,ResNet-18,k3.5,full,3002,0.888333,0.920462,0.964104,0.500000,32
Kimia-216,ResNet-18,k3.5,trunc,3002,0.888333,0.927694,0.965812,0.500000,29
Kimia-216,ResNet-18,k4,full,3002,0.888333,0.927816,0.966080,0.500000,32
Kimia-216,ResNet-18,k4,trunc,3002,0.888333,0.927816,0.966080,0.500000,32
Kimia-216,ResNet-18,k5,full,3002,0.888333,0.914031,0.966962,0.250000,32
Kimia-216,ResNet-18,k5,trunc,3002,0.888333,0.915950,0.961616,0.500000,29
Kimia-216,ResNet-18,k6,full,3002,0.888333,0.902720,0.955934,0.500000,32
Kimia-216,ResNet-18,k6,trunc,3002,0.888333,0.902720,0.955934,0.500000,32
Kimia-216,ResNet-18,k8,full,3002,0.888333,0.855234,0.950803,0.250000,32
Kimia-216,ResNet-18,k8,trunc,3002,0.888333,0.802936,0.941681,0.250000,22
Kimia-216,ResNet-18,LEG,full,3002,0.888333,0.881293,0.936299,0.500000,32
Kimia-216,ResNet-18,LEG,trunc,3002,0.888333,0.851770,0.933346,0.500000,17
Kimia-216,ResNet-18,kval_le3,full,3002,0.888333,0.926355,0.963304,0.250000,k3/32
Kimia-216,ResNet-18,kval_ext,full,3002,0.888333,0.927816,0.966080,0.500000,k4/32
Kimia-216,ResNet-18,kval_le3,trunc,3002,0.888333,0.928286,0.968605,0.500000,k2.5/20
Kimia-216,ResNet-18,kval_ext,trunc,3002,0.888333,0.928286,0.968605,0.500000,k2.5/20
Kimia-216,ResNet-18,k2,full,3003,0.849875,0.902952,0.947019,0.250000,32
Kimia-216,ResNet-18,k2,trunc,3003,0.849875,0.899714,0.947215,0.250000,24
Kimia-216,ResNet-18,k2.5,full,3003,0.849875,0.895919,0.946907,0.250000,32
Kimia-216,ResNet-18,k2.5,trunc,3003,0.849875,0.895141,0.945416,0.250000,31
Kimia-216,ResNet-18,k3,full,3003,0.849875,0.902803,0.952585,0.500000,32
Kimia-216,ResNet-18,k3,trunc,3003,0.849875,0.900972,0.952238,0.500000,31
Kimia-216,ResNet-18,k3.5,full,3003,0.849875,0.901769,0.953713,0.500000,32
Kimia-216,ResNet-18,k3.5,trunc,3003,0.849875,0.909197,0.952715,0.500000,26
Kimia-216,ResNet-18,k4,full,3003,0.849875,0.907983,0.953478,0.500000,32
Kimia-216,ResNet-18,k4,trunc,3003,0.849875,0.907983,0.953478,0.500000,32
Kimia-216,ResNet-18,k5,full,3003,0.849875,0.885897,0.941222,0.500000,32
Kimia-216,ResNet-18,k5,trunc,3003,0.849875,0.885897,0.941222,0.500000,32
Kimia-216,ResNet-18,k6,full,3003,0.849875,0.874934,0.926043,0.500000,32
Kimia-216,ResNet-18,k6,trunc,3003,0.849875,0.874934,0.926043,0.500000,32
Kimia-216,ResNet-18,k8,full,3003,0.849875,0.818590,0.923974,0.250000,32
Kimia-216,ResNet-18,k8,trunc,3003,0.849875,0.818590,0.923974,0.250000,32
Kimia-216,ResNet-18,LEG,full,3003,0.849875,0.827199,0.901139,0.500000,32
Kimia-216,ResNet-18,LEG,trunc,3003,0.849875,0.801852,0.897260,0.500000,23
Kimia-216,ResNet-18,kval_le3,full,3003,0.849875,0.895919,0.946907,0.250000,k2.5/32
Kimia-216,ResNet-18,kval_ext,full,3003,0.849875,0.895919,0.946907,0.250000,k2.5/32
Kimia-216,ResNet-18,kval_le3,trunc,3003,0.849875,0.895141,0.945416,0.250000,k2.5/31
Kimia-216,ResNet-18,kval_ext,trunc,3003,0.849875,0.895141,0.945416,0.250000,k2.5/31
Kimia-216,ResNet-18,k2,full,3004,0.878155,0.889392,0.957919,0.500000,32
Kimia-216,ResNet-18,k2,trunc,3004,0.878155,0.891947,0.963116,0.500000,14
Kimia-216,ResNet-18,k2.5,full,3004,0.878155,0.893116,0.961316,0.500000,32
Kimia-216,ResNet-18,k2.5,trunc,3004,0.878155,0.896656,0.966325,0.500000,21
Kimia-216,ResNet-18,k3,full,3004,0.878155,0.887202,0.961853,0.500000,32
Kimia-216,ResNet-18,k3,trunc,3004,0.878155,0.888398,0.962851,0.500000,31
Kimia-216,ResNet-18,k3.5,full,3004,0.878155,0.883579,0.962986,0.500000,32
Kimia-216,ResNet-18,k3.5,trunc,3004,0.878155,0.883579,0.962986,0.500000,32
Kimia-216,ResNet-18,k4,full,3004,0.878155,0.884594,0.960708,0.500000,32
Kimia-216,ResNet-18,k4,trunc,3004,0.878155,0.880776,0.957722,0.500000,31
Kimia-216,ResNet-18,k5,full,3004,0.878155,0.872881,0.941462,0.500000,32
Kimia-216,ResNet-18,k5,trunc,3004,0.878155,0.870697,0.939688,0.500000,30
Kimia-216,ResNet-18,k6,full,3004,0.878155,0.860364,0.934530,0.500000,32
Kimia-216,ResNet-18,k6,trunc,3004,0.878155,0.860364,0.934530,0.500000,32
Kimia-216,ResNet-18,k8,full,3004,0.878155,0.832996,0.915621,0.500000,32
Kimia-216,ResNet-18,k8,trunc,3004,0.878155,0.832996,0.915621,0.500000,32
Kimia-216,ResNet-18,LEG,full,3004,0.878155,0.875903,0.922086,0.500000,32
Kimia-216,ResNet-18,LEG,trunc,3004,0.878155,0.789474,0.890804,0.500000,8
Kimia-216,ResNet-18,kval_le3,full,3004,0.878155,0.887202,0.961853,0.500000,k3/32
Kimia-216,ResNet-18,kval_ext,full,3004,0.878155,0.887202,0.961853,0.500000,k3/32
Kimia-216,ResNet-18,kval_le3,trunc,3004,0.878155,0.888398,0.962851,0.500000,k3/31
Kimia-216,ResNet-18,kval_ext,trunc,3004,0.878155,0.888398,0.962851,0.500000,k3/31
Kimia-216,ResNet-18,k2,full,3005,0.854947,0.913863,0.944598,0.250000,32
Kimia-216,ResNet-18,k2,trunc,3005,0.854947,0.906962,0.953312,0.250000,12
Kimia-216,ResNet-18,k2.5,full,3005,0.854947,0.912977,0.946800,0.250000,32
Kimia-216,ResNet-18,k2.5,trunc,3005,0.854947,0.897403,0.946620,0.250000,13
Kimia-216,ResNet-18,k3,full,3005,0.854947,0.912037,0.949652,0.250000,32
Kimia-216,ResNet-18,k3,trunc,3005,0.854947,0.900675,0.947346,0.250000,20
Kimia-216,ResNet-18,k3.5,full,3005,0.854947,0.908968,0.948286,0.250000,32
Kimia-216,ResNet-18,k3.5,trunc,3005,0.854947,0.903391,0.949195,0.250000,24
Kimia-216,ResNet-18,k4,full,3005,0.854947,0.911506,0.949202,0.250000,32
Kimia-216,ResNet-18,k4,trunc,3005,0.854947,0.901240,0.946603,0.250000,28
Kimia-216,ResNet-18,k5,full,3005,0.854947,0.894418,0.943717,0.250000,32
Kimia-216,ResNet-18,k5,trunc,3005,0.854947,0.894422,0.943931,0.250000,29
Kimia-216,ResNet-18,k6,full,3005,0.854947,0.882959,0.937251,0.250000,32
Kimia-216,ResNet-18,k6,trunc,3005,0.854947,0.882959,0.937251,0.250000,32
Kimia-216,ResNet-18,k8,full,3005,0.854947,0.836170,0.918662,0.250000,32
Kimia-216,ResNet-18,k8,trunc,3005,0.854947,0.836170,0.918662,0.250000,32
Kimia-216,ResNet-18,LEG,full,3005,0.854947,0.822470,0.879379,0.500000,32
Kimia-216,ResNet-18,LEG,trunc,3005,0.854947,0.825461,0.880625,0.500000,29
Kimia-216,ResNet-18,kval_le3,full,3005,0.854947,0.912037,0.949652,0.250000,k3/32
Kimia-216,ResNet-18,kval_ext,full,3005,0.854947,0.911506,0.949202,0.250000,k4/32
Kimia-216,ResNet-18,kval_le3,trunc,3005,0.854947,0.897403,0.946620,0.250000,k2.5/13
Kimia-216,ResNet-18,kval_ext,trunc,3005,0.854947,0.897403,0.946620,0.250000,k2.5/13
Kimia-216,ResNet-18,k2,full,3006,0.881102,0.915980,0.951604,0.500000,32
Kimia-216,ResNet-18,k2,trunc,3006,0.881102,0.917276,0.951302,0.500000,11
Kimia-216,ResNet-18,k2.5,full,3006,0.881102,0.913999,0.953689,0.500000,32
Kimia-216,ResNet-18,k2.5,trunc,3006,0.881102,0.918929,0.957090,0.500000,20
Kimia-216,ResNet-18,k3,full,3006,0.881102,0.916592,0.954986,0.500000,32
Kimia-216,ResNet-18,k3,trunc,3006,0.881102,0.917340,0.955547,0.500000,24
Kimia-216,ResNet-18,k3.5,full,3006,0.881102,0.920757,0.953230,0.500000,32
Kimia-216,ResNet-18,k3.5,trunc,3006,0.881102,0.919036,0.954530,0.500000,29
Kimia-216,ResNet-18,k4,full,3006,0.881102,0.917230,0.954137,0.500000,32
Kimia-216,ResNet-18,k4,trunc,3006,0.881102,0.914703,0.953660,0.500000,31
Kimia-216,ResNet-18,k5,full,3006,0.881102,0.890942,0.941842,0.500000,32
Kimia-216,ResNet-18,k5,trunc,3006,0.881102,0.890942,0.941842,0.500000,32
Kimia-216,ResNet-18,k6,full,3006,0.881102,0.875949,0.933192,0.500000,32
Kimia-216,ResNet-18,k6,trunc,3006,0.881102,0.875949,0.933192,0.500000,32
Kimia-216,ResNet-18,k8,full,3006,0.881102,0.855065,0.931120,0.250000,32
Kimia-216,ResNet-18,k8,trunc,3006,0.881102,0.855065,0.931120,0.250000,32
Kimia-216,ResNet-18,LEG,full,3006,0.881102,0.856375,0.912585,0.500000,32
Kimia-216,ResNet-18,LEG,trunc,3006,0.881102,0.845563,0.920886,0.500000,21
Kimia-216,ResNet-18,kval_le3,full,3006,0.881102,0.916592,0.954986,0.500000,k3/32
Kimia-216,ResNet-18,kval_ext,full,3006,0.881102,0.917230,0.954137,0.500000,k4/32
Kimia-216,ResNet-18,kval_le3,trunc,3006,0.881102,0.917276,0.951302,0.500000,k2/11
Kimia-216,ResNet-18,kval_ext,trunc,3006,0.881102,0.917276,0.951302,0.500000,k2/11
Kimia-216,ResNet-18,k2,full,3007,0.876155,0.901598,0.951055,0.250000,32
Kimia-216,ResNet-18,k2,trunc,3007,0.876155,0.908186,0.954371,0.250000,23
Kimia-216,ResNet-18,k2.5,full,3007,0.876155,0.904204,0.957030,0.250000,32
Kimia-216,ResNet-18,k2.5,trunc,3007,0.876155,0.901744,0.961969,0.250000,23
Kimia-216,ResNet-18,k3,full,3007,0.876155,0.907305,0.960381,0.250000,32
Kimia-216,ResNet-18,k3,trunc,3007,0.876155,0.914427,0.965610,0.250000,25
Kimia-216,ResNet-18,k3.5,full,3007,0.876155,0.907018,0.961333,0.250000,32
Kimia-216,ResNet-18,k3.5,trunc,3007,0.876155,0.907215,0.963821,0.250000,28
Kimia-216,ResNet-18,k4,full,3007,0.876155,0.905647,0.962490,0.250000,32
Kimia-216,ResNet-18,k4,trunc,3007,0.876155,0.900641,0.959504,0.250000,30
Kimia-216,ResNet-18,k5,full,3007,0.876155,0.888650,0.953280,0.250000,32
Kimia-216,ResNet-18,k5,trunc,3007,0.876155,0.891279,0.955176,0.250000,31
Kimia-216,ResNet-18,k6,full,3007,0.876155,0.880305,0.950400,0.250000,32
Kimia-216,ResNet-18,k6,trunc,3007,0.876155,0.880305,0.950400,0.250000,32
Kimia-216,ResNet-18,k8,full,3007,0.876155,0.843496,0.935136,0.250000,32
Kimia-216,ResNet-18,k8,trunc,3007,0.876155,0.843496,0.935136,0.250000,32
Kimia-216,ResNet-18,LEG,full,3007,0.876155,0.865917,0.940513,0.500000,32
Kimia-216,ResNet-18,LEG,trunc,3007,0.876155,0.849881,0.939159,0.500000,19
Kimia-216,ResNet-18,kval_le3,full,3007,0.876155,0.904204,0.957030,0.250000,k2.5/32
Kimia-216,ResNet-18,kval_ext,full,3007,0.876155,0.907018,0.961333,0.250000,k3.5/32
Kimia-216,ResNet-18,kval_le3,trunc,3007,0.876155,0.908186,0.954371,0.250000,k2/23
Kimia-216,ResNet-18,kval_ext,trunc,3007,0.876155,0.908186,0.954371,0.250000,k2/23
Kimia-216,ResNet-18,k2,full,3008,0.863394,0.930751,0.963445,0.500000,32
Kimia-216,ResNet-18,k2,trunc,3008,0.863394,0.927742,0.974614,0.250000,11
Kimia-216,ResNet-18,k2.5,full,3008,0.863394,0.934636,0.967663,0.500000,32
Kimia-216,ResNet-18,k2.5,trunc,3008,0.863394,0.926767,0.972272,0.250000,15
Kimia-216,ResNet-18,k3,full,3008,0.863394,0.934635,0.969311,0.500000,32
Kimia-216,ResNet-18,k3,trunc,3008,0.863394,0.926037,0.972775,0.250000,20
Kimia-216,ResNet-18,k3.5,full,3008,0.863394,0.934800,0.968589,0.500000,32
Kimia-216,ResNet-18,k3.5,trunc,3008,0.863394,0.929801,0.973072,0.250000,23
Kimia-216,ResNet-18,k4,full,3008,0.863394,0.935582,0.975459,0.250000,32
Kimia-216,ResNet-18,k4,trunc,3008,0.863394,0.929467,0.971449,0.250000,27
Kimia-216,ResNet-18,k5,full,3008,0.863394,0.921943,0.972900,0.250000,32
Kimia-216,ResNet-18,k5,trunc,3008,0.863394,0.921943,0.972900,0.250000,32
Kimia-216,ResNet-18,k6,full,3008,0.863394,0.907443,0.951080,0.500000,32
Kimia-216,ResNet-18,k6,trunc,3008,0.863394,0.907443,0.951080,0.500000,32
Kimia-216,ResNet-18,k8,full,3008,0.863394,0.865916,0.951956,0.250000,32
Kimia-216,ResNet-18,k8,trunc,3008,0.863394,0.865916,0.951956,0.250000,32
Kimia-216,ResNet-18,LEG,full,3008,0.863394,0.863787,0.912066,0.750000,32
Kimia-216,ResNet-18,LEG,trunc,3008,0.863394,0.854421,0.924779,0.500000,21
Kimia-216,ResNet-18,kval_le3,full,3008,0.863394,0.934636,0.967663,0.500000,k2.5/32
Kimia-216,ResNet-18,kval_ext,full,3008,0.863394,0.934636,0.967663,0.500000,k2.5/32
Kimia-216,ResNet-18,kval_le3,trunc,3008,0.863394,0.927742,0.974614,0.250000,k2/11
Kimia-216,ResNet-18,kval_ext,trunc,3008,0.863394,0.927742,0.974614,0.250000,k2/11
Kimia-216,ResNet-18,k2,full,3009,0.872119,0.913119,0.956076,0.250000,32
Kimia-216,ResNet-18,k2,trunc,3009,0.872119,0.893708,0.957880,0.250000,9
Kimia-216,ResNet-18,k2.5,full,3009,0.872119,0.912051,0.960063,0.500000,32
Kimia-216,ResNet-18,k2.5,trunc,3009,0.872119,0.900365,0.956183,0.250000,17
Kimia-216,ResNet-18,k3,full,3009,0.872119,0.912328,0.957545,0.250000,32
Kimia-216,ResNet-18,k3,trunc,3009,0.872119,0.905588,0.959113,0.250000,20
Kimia-216,ResNet-18,k3.5,full,3009,0.872119,0.903918,0.955295,0.250000,32
Kimia-216,ResNet-18,k3.5,trunc,3009,0.872119,0.902974,0.957654,0.250000,24
Kimia-216,ResNet-18,k4,full,3009,0.872119,0.905717,0.957096,0.250000,32
Kimia-216,ResNet-18,k4,trunc,3009,0.872119,0.903965,0.956337,0.250000,30
Kimia-216,ResNet-18,k5,full,3009,0.872119,0.895545,0.952308,0.250000,32
Kimia-216,ResNet-18,k5,trunc,3009,0.872119,0.895545,0.952308,0.250000,32
Kimia-216,ResNet-18,k6,full,3009,0.872119,0.885704,0.951855,0.250000,32
Kimia-216,ResNet-18,k6,trunc,3009,0.872119,0.882068,0.950199,0.250000,31
Kimia-216,ResNet-18,k8,full,3009,0.872119,0.818341,0.934673,0.250000,32
Kimia-216,ResNet-18,k8,trunc,3009,0.872119,0.818341,0.934673,0.250000,32
Kimia-216,ResNet-18,LEG,full,3009,0.872119,0.857662,0.921517,0.500000,32
Kimia-216,ResNet-18,LEG,trunc,3009,0.872119,0.828512,0.916129,0.500000,14
Kimia-216,ResNet-18,kval_le3,full,3009,0.872119,0.912328,0.957545,0.250000,k3/32
Kimia-216,ResNet-18,kval_ext,full,3009,0.872119,0.895545,0.952308,0.250000,k5/32
Kimia-216,ResNet-18,kval_le3,trunc,3009,0.872119,0.893708,0.957880,0.250000,k2/9
Kimia-216,ResNet-18,kval_ext,trunc,3009,0.872119,0.893708,0.957880,0.250000,k2/9
Kimia-216,ResNet-18,k2,full,3010,0.865574,0.911829,0.934796,0.500000,32
Kimia-216,ResNet-18,k2,trunc,3010,0.865574,0.905837,0.948603,0.250000,9
Kimia-216,ResNet-18,k2.5,full,3010,0.865574,0.918189,0.942374,0.250000,32
Kimia-216,ResNet-18,k2.5,trunc,3010,0.865574,0.905759,0.943350,0.250000,13
Kimia-216,ResNet-18,k3,full,3010,0.865574,0.915752,0.945630,0.250000,32
Kimia-216,ResNet-18,k3,trunc,3010,0.865574,0.911437,0.944838,0.250000,22
Kimia-216,ResNet-18,k3.5,full,3010,0.865574,0.915903,0.945831,0.250000,32
Kimia-216,ResNet-18,k3.5,trunc,3010,0.865574,0.912841,0.945578,0.250000,26
Kimia-216,ResNet-18,k4,full,3010,0.865574,0.916242,0.945457,0.250000,32
Kimia-216,ResNet-18,k4,trunc,3010,0.865574,0.913776,0.944728,0.250000,30
Kimia-216,ResNet-18,k5,full,3010,0.865574,0.901399,0.942671,0.250000,32
Kimia-216,ResNet-18,k5,trunc,3010,0.865574,0.901399,0.942671,0.250000,32
Kimia-216,ResNet-18,k6,full,3010,0.865574,0.886721,0.941436,0.250000,32
Kimia-216,ResNet-18,k6,trunc,3010,0.865574,0.886721,0.941436,0.250000,32
Kimia-216,ResNet-18,k8,full,3010,0.865574,0.847024,0.925835,0.250000,32
Kimia-216,ResNet-18,k8,trunc,3010,0.865574,0.847024,0.925835,0.250000,32
Kimia-216,ResNet-18,LEG,full,3010,0.865574,0.852193,0.909175,0.500000,32
Kimia-216,ResNet-18,LEG,trunc,3010,0.865574,0.843894,0.908544,0.500000,19
Kimia-216,ResNet-18,kval_le3,full,3010,0.865574,0.915752,0.945630,0.250000,k3/32
Kimia-216,ResNet-18,kval_ext,full,3010,0.865574,0.916242,0.945457,0.250000,k4/32
Kimia-216,ResNet-18,kval_le3,trunc,3010,0.865574,0.905837,0.948603,0.250000,k2/9
Kimia-216,ResNet-18,kval_ext,trunc,3010,0.865574,0.905837,0.948603,0.250000,k2/9
ETHZ,ResNet-18,k2,full,3001,0.864756,0.808595,0.941722,0.500000,32
ETHZ,ResNet-18,k2,trunc,3001,0.864756,0.879897,0.966070,0.250000,7
ETHZ,ResNet-18,k2.5,full,3001,0.864756,0.842574,0.951773,0.500000,32
ETHZ,ResNet-18,k2.5,trunc,3001,0.864756,0.874337,0.970595,0.250000,9
ETHZ,ResNet-18,k3,full,3001,0.864756,0.880946,0.957225,0.500000,32
ETHZ,ResNet-18,k3,trunc,3001,0.864756,0.868473,0.969370,0.250000,11
ETHZ,ResNet-18,k3.5,full,3001,0.864756,0.900682,0.961174,0.500000,32
ETHZ,ResNet-18,k3.5,trunc,3001,0.864756,0.860831,0.967641,0.250000,13
ETHZ,ResNet-18,k4,full,3001,0.864756,0.911923,0.965395,0.500000,32
ETHZ,ResNet-18,k4,trunc,3001,0.864756,0.857374,0.967205,0.250000,15
ETHZ,ResNet-18,k5,full,3001,0.864756,0.885411,0.958633,0.250000,32
ETHZ,ResNet-18,k5,trunc,3001,0.864756,0.850546,0.962326,0.250000,21
ETHZ,ResNet-18,k6,full,3001,0.864756,0.843167,0.949732,0.250000,32
ETHZ,ResNet-18,k6,trunc,3001,0.864756,0.852567,0.963552,0.250000,25
ETHZ,ResNet-18,k8,full,3001,0.864756,0.854654,0.963746,0.250000,32
ETHZ,ResNet-18,k8,trunc,3001,0.864756,0.854654,0.963746,0.250000,32
ETHZ,ResNet-18,LEG,full,3001,0.864756,0.723439,0.911155,0.500000,32
ETHZ,ResNet-18,LEG,trunc,3001,0.864756,0.851261,0.948912,0.500000,12
ETHZ,ResNet-18,kval_le3,full,3001,0.864756,0.880946,0.957225,0.500000,k3/32
ETHZ,ResNet-18,kval_ext,full,3001,0.864756,0.854654,0.963746,0.250000,k8/32
ETHZ,ResNet-18,kval_le3,trunc,3001,0.864756,0.874337,0.970595,0.250000,k2.5/9
ETHZ,ResNet-18,kval_ext,trunc,3001,0.864756,0.852567,0.963552,0.250000,k6/25
ETHZ,ResNet-18,k2,full,3002,0.895101,0.801727,0.958565,0.500000,32
ETHZ,ResNet-18,k2,trunc,3002,0.895101,0.858977,0.969501,0.500000,16
ETHZ,ResNet-18,k2.5,full,3002,0.895101,0.826502,0.962533,0.500000,32
ETHZ,ResNet-18,k2.5,trunc,3002,0.895101,0.876295,0.971912,0.500000,20
ETHZ,ResNet-18,k3,full,3002,0.895101,0.853390,0.967275,0.500000,32
ETHZ,ResNet-18,k3,trunc,3002,0.895101,0.872918,0.971697,0.500000,26
ETHZ,ResNet-18,k3.5,full,3002,0.895101,0.870071,0.970626,0.500000,32
ETHZ,ResNet-18,k3.5,trunc,3002,0.895101,0.878698,0.972276,0.500000,30
ETHZ,ResNet-18,k4,full,3002,0.895101,0.888838,0.972190,0.500000,32
ETHZ,ResNet-18,k4,trunc,3002,0.895101,0.888838,0.972190,0.500000,32
ETHZ,ResNet-18,k5,full,3002,0.895101,0.870009,0.966608,0.500000,32
ETHZ,ResNet-18,k5,trunc,3002,0.895101,0.870009,0.966608,0.500000,32
ETHZ,ResNet-18,k6,full,3002,0.895101,0.847499,0.963642,0.500000,32
ETHZ,ResNet-18,k6,trunc,3002,0.895101,0.859104,0.972239,0.250000,19
ETHZ,ResNet-18,k8,full,3002,0.895101,0.872360,0.971017,0.250000,32
ETHZ,ResNet-18,k8,trunc,3002,0.895101,0.853642,0.971856,0.250000,26
ETHZ,ResNet-18,LEG,full,3002,0.895101,0.708750,0.941810,0.500000,32
ETHZ,ResNet-18,LEG,trunc,3002,0.895101,0.805792,0.953909,0.500000,10
ETHZ,ResNet-18,kval_le3,full,3002,0.895101,0.853390,0.967275,0.500000,k3/32
ETHZ,ResNet-18,kval_ext,full,3002,0.895101,0.888838,0.972190,0.500000,k4/32
ETHZ,ResNet-18,kval_le3,trunc,3002,0.895101,0.872918,0.971697,0.500000,k3/26
ETHZ,ResNet-18,kval_ext,trunc,3002,0.895101,0.872918,0.971697,0.500000,k3/26
ETHZ,ResNet-18,k2,full,3003,0.890397,0.818799,0.957480,0.500000,32
ETHZ,ResNet-18,k2,trunc,3003,0.890397,0.870500,0.973730,0.250000,7
ETHZ,ResNet-18,k2.5,full,3003,0.890397,0.859070,0.963809,0.500000,32
ETHZ,ResNet-18,k2.5,trunc,3003,0.890397,0.873363,0.976122,0.250000,9
ETHZ,ResNet-18,k3,full,3003,0.890397,0.889639,0.970521,0.500000,32
ETHZ,ResNet-18,k3,trunc,3003,0.890397,0.872528,0.975212,0.250000,11
ETHZ,ResNet-18,k3.5,full,3003,0.890397,0.899034,0.973525,0.500000,32
ETHZ,ResNet-18,k3.5,trunc,3003,0.890397,0.869421,0.974234,0.250000,13
ETHZ,ResNet-18,k4,full,3003,0.890397,0.916614,0.976077,0.500000,32
ETHZ,ResNet-18,k4,trunc,3003,0.890397,0.867868,0.974236,0.250000,15
ETHZ,ResNet-18,k5,full,3003,0.890397,0.895487,0.973558,0.500000,32
ETHZ,ResNet-18,k5,trunc,3003,0.890397,0.868581,0.974296,0.250000,19
ETHZ,ResNet-18,k6,full,3003,0.890397,0.853100,0.969279,0.500000,32
ETHZ,ResNet-18,k6,trunc,3003,0.890397,0.866827,0.974215,0.250000,23
ETHZ,ResNet-18,k8,full,3003,0.890397,0.871881,0.972549,0.250000,32
ETHZ,ResNet-18,k8,trunc,3003,0.890397,0.866307,0.974130,0.250000,31
ETHZ,ResNet-18,LEG,full,3003,0.890397,0.731940,0.938032,0.500000,32
ETHZ,ResNet-18,LEG,trunc,3003,0.890397,0.828942,0.957410,0.500000,12
ETHZ,ResNet-18,kval_le3,full,3003,0.890397,0.889639,0.970521,0.500000,k3/32
ETHZ,ResNet-18,kval_ext,full,3003,0.890397,0.871881,0.972549,0.250000,k8/32
ETHZ,ResNet-18,kval_le3,trunc,3003,0.890397,0.873363,0.976122,0.250000,k2.5/9
ETHZ,ResNet-18,kval_ext,trunc,3003,0.890397,0.873363,0.976122,0.250000,k2.5/9
ETHZ,ResNet-18,k2,full,3004,0.896472,0.813324,0.953454,0.500000,32
ETHZ,ResNet-18,k2,trunc,3004,0.896472,0.877251,0.966304,0.500000,16
ETHZ,ResNet-18,k2.5,full,3004,0.896472,0.845084,0.957425,0.500000,32
ETHZ,ResNet-18,k2.5,trunc,3004,0.896472,0.888563,0.966421,0.500000,22
ETHZ,ResNet-18,k3,full,3004,0.896472,0.876546,0.962971,0.500000,32
ETHZ,ResNet-18,k3,trunc,3004,0.896472,0.902344,0.970193,0.500000,23
ETHZ,ResNet-18,k3.5,full,3004,0.896472,0.891553,0.966326,0.500000,32
ETHZ,ResNet-18,k3.5,trunc,3004,0.896472,0.903827,0.970111,0.500000,27
ETHZ,ResNet-18,k4,full,3004,0.896472,0.906328,0.970169,0.500000,32
ETHZ,ResNet-18,k4,trunc,3004,0.896472,0.905154,0.970032,0.500000,31
ETHZ,ResNet-18,k5,full,3004,0.896472,0.886282,0.966941,0.500000,32
ETHZ,ResNet-18,k5,trunc,3004,0.896472,0.886282,0.966941,0.500000,32
ETHZ,ResNet-18,k6,full,3004,0.896472,0.861994,0.964231,0.500000,32
ETHZ,ResNet-18,k6,trunc,3004,0.896472,0.872364,0.969535,0.250000,18
ETHZ,ResNet-18,k8,full,3004,0.896472,0.881165,0.972483,0.250000,32
ETHZ,ResNet-18,k8,trunc,3004,0.896472,0.873565,0.972137,0.250000,26
ETHZ,ResNet-18,LEG,full,3004,0.896472,0.731038,0.938316,0.500000,32
ETHZ,ResNet-18,LEG,trunc,3004,0.896472,0.811818,0.951224,0.500000,11
ETHZ,ResNet-18,kval_le3,full,3004,0.896472,0.876546,0.962971,0.500000,k3/32
ETHZ,ResNet-18,kval_ext,full,3004,0.896472,0.906328,0.970169,0.500000,k4/32
ETHZ,ResNet-18,kval_le3,trunc,3004,0.896472,0.902344,0.970193,0.500000,k3/23
ETHZ,ResNet-18,kval_ext,trunc,3004,0.896472,0.903827,0.970111,0.500000,k3.5/27
ETHZ,ResNet-18,k2,full,3005,0.888021,0.831704,0.952590,0.500000,32
ETHZ,ResNet-18,k2,trunc,3005,0.888021,0.887482,0.966405,0.250000,7
ETHZ,ResNet-18,k2.5,full,3005,0.888021,0.851880,0.957967,0.500000,32
ETHZ,ResNet-18,k2.5,trunc,3005,0.888021,0.889862,0.970142,0.250000,9
ETHZ,ResNet-18,k3,full,3005,0.888021,0.879174,0.962396,0.500000,32
ETHZ,ResNet-18,k3,trunc,3005,0.888021,0.910581,0.963461,0.250000,24
ETHZ,ResNet-18,k3.5,full,3005,0.888021,0.902828,0.965197,0.500000,32
ETHZ,ResNet-18,k3.5,trunc,3005,0.888021,0.912051,0.963696,0.250000,28
ETHZ,ResNet-18,k4,full,3005,0.888021,0.912752,0.963546,0.250000,32
ETHZ,ResNet-18,k4,trunc,3005,0.888021,0.912752,0.963546,0.250000,32
ETHZ,ResNet-18,k5,full,3005,0.888021,0.887464,0.958734,0.250000,32
ETHZ,ResNet-18,k5,trunc,3005,0.888021,0.881447,0.969252,0.250000,19
ETHZ,ResNet-18,k6,full,3005,0.888021,0.865616,0.955019,0.250000,32
ETHZ,ResNet-18,k6,trunc,3005,0.888021,0.882554,0.967180,0.250000,25
ETHZ,ResNet-18,k8,full,3005,0.888021,0.881249,0.967346,0.250000,32
ETHZ,ResNet-18,k8,trunc,3005,0.888021,0.878711,0.968617,0.250000,31
ETHZ,ResNet-18,LEG,full,3005,0.888021,0.735181,0.935760,0.500000,32
ETHZ,ResNet-18,LEG,trunc,3005,0.888021,0.838193,0.954163,0.500000,10
ETHZ,ResNet-18,kval_le3,full,3005,0.888021,0.879174,0.962396,0.500000,k3/32
ETHZ,ResNet-18,kval_ext,full,3005,0.888021,0.912752,0.963546,0.250000,k4/32
ETHZ,ResNet-18,kval_le3,trunc,3005,0.888021,0.889862,0.970142,0.250000,k2.5/9
ETHZ,ResNet-18,kval_ext,trunc,3005,0.888021,0.889862,0.970142,0.250000,k2.5/9
ETHZ,ResNet-18,k2,full,3006,0.873180,0.829638,0.955698,0.500000,32
ETHZ,ResNet-18,k2,trunc,3006,0.873180,0.899319,0.971631,0.500000,16
ETHZ,ResNet-18,k2.5,full,3006,0.873180,0.860338,0.962146,0.500000,32
ETHZ,ResNet-18,k2.5,trunc,3006,0.873180,0.863315,0.974139,0.250000,8
ETHZ,ResNet-18,k3,full,3006,0.873180,0.893923,0.967732,0.500000,32
ETHZ,ResNet-18,k3,trunc,3006,0.873180,0.870089,0.972543,0.250000,9
ETHZ,ResNet-18,k3.5,full,3006,0.873180,0.911171,0.971630,0.500000,32
ETHZ,ResNet-18,k3.5,trunc,3006,0.873180,0.861653,0.972340,0.250000,11
ETHZ,ResNet-18,k4,full,3006,0.873180,0.922219,0.975209,0.500000,32
ETHZ,ResNet-18,k4,trunc,3006,0.873180,0.856818,0.972601,0.250000,13
ETHZ,ResNet-18,k5,full,3006,0.873180,0.900148,0.973006,0.500000,32
ETHZ,ResNet-18,k5,trunc,3006,0.873180,0.860618,0.974210,0.250000,17
ETHZ,ResNet-18,k6,full,3006,0.873180,0.852762,0.967349,0.250000,32
ETHZ,ResNet-18,k6,trunc,3006,0.873180,0.856535,0.974567,0.250000,21
ETHZ,ResNet-18,k8,full,3006,0.873180,0.862363,0.974865,0.250000,32
ETHZ,ResNet-18,k8,trunc,3006,0.873180,0.857844,0.972966,0.250000,27
ETHZ,ResNet-18,LEG,full,3006,0.873180,0.731459,0.923918,0.500000,32
ETHZ,ResNet-18,LEG,trunc,3006,0.873180,0.850029,0.957305,0.500000,10
ETHZ,ResNet-18,kval_le3,full,3006,0.873180,0.893923,0.967732,0.500000,k3/32
ETHZ,ResNet-18,kval_ext,full,3006,0.873180,0.862363,0.974865,0.250000,k8/32
ETHZ,ResNet-18,kval_le3,trunc,3006,0.873180,0.863315,0.974139,0.250000,k2.5/8
ETHZ,ResNet-18,kval_ext,trunc,3006,0.873180,0.856535,0.974567,0.250000,k6/21
ETHZ,ResNet-18,k2,full,3007,0.881365,0.841151,0.950627,0.500000,32
ETHZ,ResNet-18,k2,trunc,3007,0.881365,0.859902,0.968036,0.250000,6
ETHZ,ResNet-18,k2.5,full,3007,0.881365,0.866164,0.958915,0.500000,32
ETHZ,ResNet-18,k2.5,trunc,3007,0.881365,0.863090,0.972249,0.250000,9
ETHZ,ResNet-18,k3,full,3007,0.881365,0.887940,0.964424,0.500000,32
ETHZ,ResNet-18,k3,trunc,3007,0.881365,0.861220,0.971246,0.250000,11
ETHZ,ResNet-18,k3.5,full,3007,0.881365,0.907214,0.968040,0.500000,32
ETHZ,ResNet-18,k3.5,trunc,3007,0.881365,0.857183,0.970014,0.250000,13
ETHZ,ResNet-18,k4,full,3007,0.881365,0.911248,0.969992,0.500000,32
ETHZ,ResNet-18,k4,trunc,3007,0.881365,0.854741,0.969710,0.250000,15
ETHZ,ResNet-18,k5,full,3007,0.881365,0.881711,0.967427,0.500000,32
ETHZ,ResNet-18,k5,trunc,3007,0.881365,0.854868,0.969867,0.250000,19
ETHZ,ResNet-18,k6,full,3007,0.881365,0.840926,0.957654,0.250000,32
ETHZ,ResNet-18,k6,trunc,3007,0.881365,0.852463,0.969504,0.250000,23
ETHZ,ResNet-18,k8,full,3007,0.881365,0.856856,0.968040,0.250000,32
ETHZ,ResNet-18,k8,trunc,3007,0.881365,0.851554,0.969314,0.250000,31
ETHZ,ResNet-18,LEG,full,3007,0.881365,0.753531,0.925138,0.500000,32
ETHZ,ResNet-18,LEG,trunc,3007,0.881365,0.841642,0.949674,0.500000,10
ETHZ,ResNet-18,kval_le3,full,3007,0.881365,0.887940,0.964424,0.500000,k3/32
ETHZ,ResNet-18,kval_ext,full,3007,0.881365,0.911248,0.969992,0.500000,k4/32
ETHZ,ResNet-18,kval_le3,trunc,3007,0.881365,0.863090,0.972249,0.250000,k2.5/9
ETHZ,ResNet-18,kval_ext,trunc,3007,0.881365,0.863090,0.972249,0.250000,k2.5/9
ETHZ,ResNet-18,k2,full,3008,0.864967,0.812465,0.947782,0.500000,32
ETHZ,ResNet-18,k2,trunc,3008,0.864967,0.870852,0.960879,0.500000,14
ETHZ,ResNet-18,k2.5,full,3008,0.864967,0.842912,0.954266,0.500000,32
ETHZ,ResNet-18,k2.5,trunc,3008,0.864967,0.886044,0.963961,0.500000,20
ETHZ,ResNet-18,k3,full,3008,0.864967,0.867560,0.959973,0.500000,32
ETHZ,ResNet-18,k3,trunc,3008,0.864967,0.890976,0.964549,0.500000,24
ETHZ,ResNet-18,k3.5,full,3008,0.864967,0.883809,0.964233,0.500000,32
ETHZ,ResNet-18,k3.5,trunc,3008,0.864967,0.891435,0.964841,0.500000,28
ETHZ,ResNet-18,k4,full,3008,0.864967,0.892212,0.964922,0.500000,32
ETHZ,ResNet-18,k4,trunc,3008,0.864967,0.890516,0.965267,0.500000,31
ETHZ,ResNet-18,k5,full,3008,0.864967,0.879381,0.963728,0.500000,32
ETHZ,ResNet-18,k5,trunc,3008,0.864967,0.879381,0.963728,0.500000,32
ETHZ,ResNet-18,k6,full,3008,0.864967,0.867929,0.959600,0.500000,32
ETHZ,ResNet-18,k6,trunc,3008,0.864967,0.858747,0.963923,0.250000,19
ETHZ,ResNet-18,k8,full,3008,0.864967,0.871119,0.963788,0.250000,32
ETHZ,ResNet-18,k8,trunc,3008,0.864967,0.858967,0.964803,0.250000,27
ETHZ,ResNet-18,LEG,full,3008,0.864967,0.735911,0.919807,0.500000,32
ETHZ,ResNet-18,LEG,trunc,3008,0.864967,0.837693,0.950772,0.500000,12
ETHZ,ResNet-18,kval_le3,full,3008,0.864967,0.867560,0.959973,0.500000,k3/32
ETHZ,ResNet-18,kval_ext,full,3008,0.864967,0.892212,0.964922,0.500000,k4/32
ETHZ,ResNet-18,kval_le3,trunc,3008,0.864967,0.890976,0.964549,0.500000,k3/24
ETHZ,ResNet-18,kval_ext,trunc,3008,0.864967,0.890976,0.964549,0.500000,k3/24
ETHZ,ResNet-18,k2,full,3009,0.871775,0.835724,0.958916,0.500000,32
ETHZ,ResNet-18,k2,trunc,3009,0.871775,0.907370,0.974012,0.500000,16
ETHZ,ResNet-18,k2.5,full,3009,0.871775,0.871184,0.966123,0.500000,32
ETHZ,ResNet-18,k2.5,trunc,3009,0.871775,0.921288,0.976426,0.500000,20
ETHZ,ResNet-18,k3,full,3009,0.871775,0.899751,0.970992,0.500000,32
ETHZ,ResNet-18,k3,trunc,3009,0.871775,0.920936,0.975369,0.500000,26
ETHZ,ResNet-18,k3.5,full,3009,0.871775,0.917981,0.974068,0.500000,32
ETHZ,ResNet-18,k3.5,trunc,3009,0.871775,0.922118,0.975729,0.500000,30
ETHZ,ResNet-18,k4,full,3009,0.871775,0.923275,0.976276,0.500000,32
ETHZ,ResNet-18,k4,trunc,3009,0.871775,0.923275,0.976276,0.500000,32
ETHZ,ResNet-18,k5,full,3009,0.871775,0.896565,0.972032,0.500000,32
ETHZ,ResNet-18,k5,trunc,3009,0.871775,0.858148,0.969288,0.250000,17
ETHZ,ResNet-18,k6,full,3009,0.871775,0.862873,0.967334,0.500000,32
ETHZ,ResNet-18,k6,trunc,3009,0.871775,0.855252,0.969011,0.250000,21
ETHZ,ResNet-18,k8,full,3009,0.871775,0.863136,0.965058,0.250000,32
ETHZ,ResNet-18,k8,trunc,3009,0.871775,0.855924,0.969257,0.250000,27
ETHZ,ResNet-18,LEG,full,3009,0.871775,0.753558,0.935563,0.500000,32
ETHZ,ResNet-18,LEG,trunc,3009,0.871775,0.854150,0.960193,0.500000,12
ETHZ,ResNet-18,kval_le3,full,3009,0.871775,0.899751,0.970992,0.500000,k3/32
ETHZ,ResNet-18,kval_ext,full,3009,0.871775,0.923275,0.976276,0.500000,k4/32
ETHZ,ResNet-18,kval_le3,trunc,3009,0.871775,0.921288,0.976426,0.500000,k2.5/20
ETHZ,ResNet-18,kval_ext,trunc,3009,0.871775,0.921288,0.976426,0.500000,k2.5/20
ETHZ,ResNet-18,k2,full,3010,0.867449,0.851365,0.955060,0.500000,32
ETHZ,ResNet-18,k2,trunc,3010,0.867449,0.894413,0.967134,0.500000,16
ETHZ,ResNet-18,k2.5,full,3010,0.867449,0.872308,0.961480,0.500000,32
ETHZ,ResNet-18,k2.5,trunc,3010,0.867449,0.858526,0.964305,0.250000,9
ETHZ,ResNet-18,k3,full,3010,0.867449,0.890309,0.964668,0.500000,32
ETHZ,ResNet-18,k3,trunc,3010,0.867449,0.852710,0.961559,0.250000,9
ETHZ,ResNet-18,k3.5,full,3010,0.867449,0.902469,0.968475,0.500000,32
ETHZ,ResNet-18,k3.5,trunc,3010,0.867449,0.849503,0.961646,0.250000,11
ETHZ,ResNet-18,k4,full,3010,0.867449,0.908663,0.969739,0.500000,32
ETHZ,ResNet-18,k4,trunc,3010,0.867449,0.847352,0.962883,0.250000,13
ETHZ,ResNet-18,k5,full,3010,0.867449,0.884279,0.965750,0.500000,32
ETHZ,ResNet-18,k5,trunc,3010,0.867449,0.849597,0.962994,0.250000,17
ETHZ,ResNet-18,k6,full,3010,0.867449,0.855588,0.961888,0.500000,32
ETHZ,ResNet-18,k6,trunc,3010,0.867449,0.847211,0.963409,0.250000,21
ETHZ,ResNet-18,k8,full,3010,0.867449,0.857060,0.962810,0.250000,32
ETHZ,ResNet-18,k8,trunc,3010,0.867449,0.847762,0.963148,0.250000,27
ETHZ,ResNet-18,LEG,full,3010,0.867449,0.766728,0.930910,0.500000,32
ETHZ,ResNet-18,LEG,trunc,3010,0.867449,0.850269,0.953433,0.500000,12
ETHZ,ResNet-18,kval_le3,full,3010,0.867449,0.890309,0.964668,0.500000,k3/32
ETHZ,ResNet-18,kval_ext,full,3010,0.867449,0.908663,0.969739,0.500000,k4/32
ETHZ,ResNet-18,kval_le3,trunc,3010,0.867449,0.852710,0.961559,0.250000,k3/9
ETHZ,ResNet-18,kval_ext,trunc,3010,0.867449,0.852710,0.961559,0.250000,k3/9
ETHZ,ViT-B/16,k2,full,3001,0.887545,0.808595,0.957955,0.250000,32
ETHZ,ViT-B/16,k2,trunc,3001,0.887545,0.879897,0.970169,0.250000,7
ETHZ,ViT-B/16,k2.5,full,3001,0.887545,0.842574,0.962998,0.250000,32
ETHZ,ViT-B/16,k2.5,trunc,3001,0.887545,0.908806,0.974960,0.250000,20
ETHZ,ViT-B/16,k3,full,3001,0.887545,0.880946,0.968160,0.250000,32
ETHZ,ViT-B/16,k3,trunc,3001,0.887545,0.905554,0.973188,0.250000,26
ETHZ,ViT-B/16,k3.5,full,3001,0.887545,0.900682,0.971372,0.250000,32
ETHZ,ViT-B/16,k3.5,trunc,3001,0.887545,0.908515,0.974546,0.250000,30
ETHZ,ViT-B/16,k4,full,3001,0.887545,0.911923,0.975214,0.250000,32
ETHZ,ViT-B/16,k4,trunc,3001,0.887545,0.911923,0.975214,0.250000,32
ETHZ,ViT-B/16,k5,full,3001,0.887545,0.885411,0.968908,0.250000,32
ETHZ,ViT-B/16,k5,trunc,3001,0.887545,0.885411,0.968908,0.250000,32
ETHZ,ViT-B/16,k6,full,3001,0.887545,0.843167,0.962688,0.250000,32
ETHZ,ViT-B/16,k6,trunc,3001,0.887545,0.842799,0.968872,0.250000,26
ETHZ,ViT-B/16,k8,full,3001,0.887545,0.854654,0.971800,0.250000,32
ETHZ,ViT-B/16,k8,trunc,3001,0.887545,0.854654,0.971800,0.250000,32
ETHZ,ViT-B/16,LEG,full,3001,0.887545,0.723439,0.917735,0.500000,32
ETHZ,ViT-B/16,LEG,trunc,3001,0.887545,0.851261,0.949975,0.500000,12
ETHZ,ViT-B/16,kval_le3,full,3001,0.887545,0.880946,0.968160,0.250000,k3/32
ETHZ,ViT-B/16,kval_ext,full,3001,0.887545,0.911923,0.975214,0.250000,k4/32
ETHZ,ViT-B/16,kval_le3,trunc,3001,0.887545,0.905554,0.973188,0.250000,k3/26
ETHZ,ViT-B/16,kval_ext,trunc,3001,0.887545,0.908515,0.974546,0.250000,k3.5/30
ETHZ,ViT-B/16,k2,full,3002,0.921277,0.801727,0.966974,0.250000,32
ETHZ,ViT-B/16,k2,trunc,3002,0.921277,0.867449,0.970918,0.250000,13
ETHZ,ViT-B/16,k2.5,full,3002,0.921277,0.826502,0.966441,0.250000,32
ETHZ,ViT-B/16,k2.5,trunc,3002,0.921277,0.877174,0.972255,0.250000,17
ETHZ,ViT-B/16,k3,full,3002,0.921277,0.853390,0.971183,0.250000,32
ETHZ,ViT-B/16,k3,trunc,3002,0.921277,0.884176,0.975343,0.250000,23
ETHZ,ViT-B/16,k3.5,full,3002,0.921277,0.870071,0.975648,0.250000,32
ETHZ,ViT-B/16,k3.5,trunc,3002,0.921277,0.886076,0.975266,0.250000,27
ETHZ,ViT-B/16,k4,full,3002,0.921277,0.888838,0.975561,0.250000,32
ETHZ,ViT-B/16,k4,trunc,3002,0.921277,0.887459,0.975140,0.250000,31
ETHZ,ViT-B/16,k5,full,3002,0.921277,0.870009,0.970312,0.250000,32
ETHZ,ViT-B/16,k5,trunc,3002,0.921277,0.870009,0.970312,0.250000,32
ETHZ,ViT-B/16,k6,full,3002,0.921277,0.847499,0.970782,0.250000,32
ETHZ,ViT-B/16,k6,trunc,3002,0.921277,0.874149,0.981828,0.250000,24
ETHZ,ViT-B/16,k8,full,3002,0.921277,0.872360,0.981856,0.250000,32
ETHZ,ViT-B/16,k8,trunc,3002,0.921277,0.872360,0.981856,0.250000,32
ETHZ,ViT-B/16,LEG,full,3002,0.921277,0.708750,0.950719,0.250000,32
ETHZ,ViT-B/16,LEG,trunc,3002,0.921277,0.801587,0.951798,0.250000,11
ETHZ,ViT-B/16,kval_le3,full,3002,0.921277,0.853390,0.971183,0.250000,k3/32
ETHZ,ViT-B/16,kval_ext,full,3002,0.921277,0.888838,0.975561,0.250000,k4/32
ETHZ,ViT-B/16,kval_le3,trunc,3002,0.921277,0.884176,0.975343,0.250000,k3/23
ETHZ,ViT-B/16,kval_ext,trunc,3002,0.921277,0.887459,0.975140,0.250000,k4/31
ETHZ,ViT-B/16,k2,full,3003,0.922468,0.818799,0.972318,0.250000,32
ETHZ,ViT-B/16,k2,trunc,3003,0.922468,0.876029,0.981447,0.250000,6
ETHZ,ViT-B/16,k2.5,full,3003,0.922468,0.859070,0.974522,0.250000,32
ETHZ,ViT-B/16,k2.5,trunc,3003,0.922468,0.871505,0.980939,0.250000,8
ETHZ,ViT-B/16,k3,full,3003,0.922468,0.889639,0.980800,0.250000,32
ETHZ,ViT-B/16,k3,trunc,3003,0.922468,0.900756,0.984051,0.250000,26
ETHZ,ViT-B/16,k3.5,full,3003,0.922468,0.899034,0.982888,0.250000,32
ETHZ,ViT-B/16,k3.5,trunc,3003,0.922468,0.904717,0.984488,0.250000,30
ETHZ,ViT-B/16,k4,full,3003,0.922468,0.916614,0.984675,0.250000,32
ETHZ,ViT-B/16,k4,trunc,3003,0.922468,0.866228,0.980181,0.250000,16
ETHZ,ViT-B/16,k5,full,3003,0.922468,0.895487,0.981040,0.250000,32
ETHZ,ViT-B/16,k5,trunc,3003,0.922468,0.873658,0.980902,0.250000,20
ETHZ,ViT-B/16,k6,full,3003,0.922468,0.853100,0.977267,0.250000,32
ETHZ,ViT-B/16,k6,trunc,3003,0.922468,0.873083,0.981124,0.250000,24
ETHZ,ViT-B/16,k8,full,3003,0.922468,0.871881,0.980950,0.250000,32
ETHZ,ViT-B/16,k8,trunc,3003,0.922468,0.871881,0.980950,0.250000,32
ETHZ,ViT-B/16,LEG,full,3003,0.922468,0.731940,0.958901,0.250000,32
ETHZ,ViT-B/16,LEG,trunc,3003,0.922468,0.828942,0.965789,0.250000,12
ETHZ,ViT-B/16,kval_le3,full,3003,0.922468,0.889639,0.980800,0.250000,k3/32
ETHZ,ViT-B/16,kval_ext,full,3003,0.922468,0.871881,0.980950,0.250000,k8/32
ETHZ,ViT-B/16,kval_le3,trunc,3003,0.922468,0.900756,0.984051,0.250000,k3/26
ETHZ,ViT-B/16,kval_ext,trunc,3003,0.922468,0.873083,0.981124,0.250000,k6/24
ETHZ,ViT-B/16,k2,full,3004,0.917149,0.813324,0.959906,0.250000,32
ETHZ,ViT-B/16,k2,trunc,3004,0.917149,0.876110,0.970658,0.250000,9
ETHZ,ViT-B/16,k2.5,full,3004,0.917149,0.845084,0.960817,0.250000,32
ETHZ,ViT-B/16,k2.5,trunc,3004,0.917149,0.877652,0.976601,0.250000,8
ETHZ,ViT-B/16,k3,full,3004,0.917149,0.876546,0.967496,0.250000,32
ETHZ,ViT-B/16,k3,trunc,3004,0.917149,0.896724,0.974295,0.250000,20
ETHZ,ViT-B/16,k3.5,full,3004,0.917149,0.891553,0.973410,0.250000,32
ETHZ,ViT-B/16,k3.5,trunc,3004,0.917149,0.888724,0.972362,0.250000,22
ETHZ,ViT-B/16,k4,full,3004,0.917149,0.906328,0.976623,0.250000,32
ETHZ,ViT-B/16,k4,trunc,3004,0.917149,0.900973,0.974316,0.250000,28
ETHZ,ViT-B/16,k5,full,3004,0.917149,0.886282,0.971528,0.250000,32
ETHZ,ViT-B/16,k5,trunc,3004,0.917149,0.886282,0.971528,0.250000,32
ETHZ,ViT-B/16,k6,full,3004,0.917149,0.861994,0.967535,0.250000,32
ETHZ,ViT-B/16,k6,trunc,3004,0.917149,0.880727,0.975474,0.250000,25
ETHZ,ViT-B/16,k8,full,3004,0.917149,0.881165,0.975584,0.250000,32
ETHZ,ViT-B/16,k8,trunc,3004,0.917149,0.881165,0.975584,0.250000,32
ETHZ,ViT-B/16,LEG,full,3004,0.917149,0.731038,0.944785,0.500000,32
ETHZ,ViT-B/16,LEG,trunc,3004,0.917149,0.821178,0.960141,0.500000,10
ETHZ,ViT-B/16,kval_le3,full,3004,0.917149,0.876546,0.967496,0.250000,k3/32
ETHZ,ViT-B/16,kval_ext,full,3004,0.917149,0.886282,0.971528,0.250000,k5/32
ETHZ,ViT-B/16,kval_le3,trunc,3004,0.917149,0.896724,0.974295,0.250000,k3/20
ETHZ,ViT-B/16,kval_ext,trunc,3004,0.917149,0.900973,0.974316,0.250000,k4/28
ETHZ,ViT-B/16,k2,full,3005,0.920842,0.831704,0.967991,0.250000,32
ETHZ,ViT-B/16,k2,trunc,3005,0.920842,0.883951,0.969956,0.250000,13
ETHZ,ViT-B/16,k2.5,full,3005,0.920842,0.851880,0.968796,0.250000,32
ETHZ,ViT-B/16,k2.5,trunc,3005,0.920842,0.904564,0.975402,0.250000,20
ETHZ,ViT-B/16,k3,full,3005,0.920842,0.879174,0.972212,0.250000,32
ETHZ,ViT-B/16,k3,trunc,3005,0.920842,0.910581,0.975927,0.250000,24
ETHZ,ViT-B/16,k3.5,full,3005,0.920842,0.902828,0.974390,0.250000,32
ETHZ,ViT-B/16,k3.5,trunc,3005,0.920842,0.912051,0.976057,0.250000,28
ETHZ,ViT-B/16,k4,full,3005,0.920842,0.912752,0.976063,0.250000,32
ETHZ,ViT-B/16,k4,trunc,3005,0.920842,0.912752,0.976063,0.250000,32
ETHZ,ViT-B/16,k5,full,3005,0.920842,0.887464,0.971688,0.250000,32
ETHZ,ViT-B/16,k5,trunc,3005,0.920842,0.887464,0.971688,0.250000,32
ETHZ,ViT-B/16,k6,full,3005,0.920842,0.865616,0.967528,0.250000,32
ETHZ,ViT-B/16,k6,trunc,3005,0.920842,0.882554,0.975796,0.250000,25
ETHZ,ViT-B/16,k8,full,3005,0.920842,0.881249,0.976262,0.250000,32
ETHZ,ViT-B/16,k8,trunc,3005,0.920842,0.881249,0.976262,0.250000,32
ETHZ,ViT-B/16,LEG,full,3005,0.920842,0.735181,0.952823,0.250000,32
ETHZ,ViT-B/16,LEG,trunc,3005,0.920842,0.838193,0.966539,0.500000,10
ETHZ,ViT-B/16,kval_le3,full,3005,0.920842,0.879174,0.972212,0.250000,k3/32
ETHZ,ViT-B/16,kval_ext,full,3005,0.920842,0.912752,0.976063,0.250000,k4/32
ETHZ,ViT-B/16,kval_le3,trunc,3005,0.920842,0.910581,0.975927,0.250000,k3/24
ETHZ,ViT-B/16,kval_ext,trunc,3005,0.920842,0.912051,0.976057,0.250000,k3.5/28
ETHZ,ViT-B/16,k2,full,3006,0.903054,0.829638,0.966931,0.250000,32
ETHZ,ViT-B/16,k2,trunc,3006,0.903054,0.872952,0.978410,0.250000,6
ETHZ,ViT-B/16,k2.5,full,3006,0.903054,0.860338,0.969678,0.250000,32
ETHZ,ViT-B/16,k2.5,trunc,3006,0.903054,0.863315,0.977948,0.250000,8
ETHZ,ViT-B/16,k3,full,3006,0.903054,0.893923,0.976146,0.250000,32
ETHZ,ViT-B/16,k3,trunc,3006,0.903054,0.860460,0.977301,0.250000,10
ETHZ,ViT-B/16,k3.5,full,3006,0.903054,0.911171,0.980508,0.250000,32
ETHZ,ViT-B/16,k3.5,trunc,3006,0.903054,0.856300,0.976640,0.250000,12
ETHZ,ViT-B/16,k4,full,3006,0.903054,0.922219,0.984310,0.250000,32
ETHZ,ViT-B/16,k4,trunc,3006,0.903054,0.858138,0.976783,0.250000,16
ETHZ,ViT-B/16,k5,full,3006,0.903054,0.900148,0.982179,0.250000,32
ETHZ,ViT-B/16,k5,trunc,3006,0.903054,0.863327,0.977818,0.250000,20
ETHZ,ViT-B/16,k6,full,3006,0.903054,0.852762,0.974666,0.250000,32
ETHZ,ViT-B/16,k6,trunc,3006,0.903054,0.863098,0.977608,0.250000,24
ETHZ,ViT-B/16,k8,full,3006,0.903054,0.862363,0.977283,0.250000,32
ETHZ,ViT-B/16,k8,trunc,3006,0.903054,0.862363,0.977283,0.250000,32
ETHZ,ViT-B/16,LEG,full,3006,0.903054,0.731459,0.934651,0.250000,32
ETHZ,ViT-B/16,LEG,trunc,3006,0.903054,0.850029,0.963384,0.500000,10
ETHZ,ViT-B/16,kval_le3,full,3006,0.903054,0.893923,0.976146,0.250000,k3/32
ETHZ,ViT-B/16,kval_ext,full,3006,0.903054,0.862363,0.977283,0.250000,k8/32
ETHZ,ViT-B/16,kval_le3,trunc,3006,0.903054,0.863315,0.977948,0.250000,k2.5/8
ETHZ,ViT-B/16,kval_ext,trunc,3006,0.903054,0.863098,0.977608,0.250000,k6/24
ETHZ,ViT-B/16,k2,full,3007,0.901513,0.841151,0.965607,0.250000,32
ETHZ,ViT-B/16,k2,trunc,3007,0.901513,0.859902,0.970368,0.250000,6
ETHZ,ViT-B/16,k2.5,full,3007,0.901513,0.866164,0.969054,0.250000,32
ETHZ,ViT-B/16,k2.5,trunc,3007,0.901513,0.851588,0.970242,0.250000,8
ETHZ,ViT-B/16,k3,full,3007,0.901513,0.887940,0.973888,0.250000,32
ETHZ,ViT-B/16,k3,trunc,3007,0.901513,0.861220,0.971524,0.250000,11
ETHZ,ViT-B/16,k3.5,full,3007,0.901513,0.907214,0.976729,0.250000,32
ETHZ,ViT-B/16,k3.5,trunc,3007,0.901513,0.910970,0.976715,0.250000,28
ETHZ,ViT-B/16,k4,full,3007,0.901513,0.911248,0.976491,0.250000,32
ETHZ,ViT-B/16,k4,trunc,3007,0.901513,0.854065,0.969362,0.250000,16
ETHZ,ViT-B/16,k5,full,3007,0.901513,0.881711,0.971556,0.250000,32
ETHZ,ViT-B/16,k5,trunc,3007,0.901513,0.860498,0.970426,0.250000,20
ETHZ,ViT-B/16,k6,full,3007,0.901513,0.840926,0.965444,0.250000,32
ETHZ,ViT-B/16,k6,trunc,3007,0.901513,0.858594,0.970552,0.250000,24
ETHZ,ViT-B/16,k8,full,3007,0.901513,0.856856,0.970452,0.250000,32
ETHZ,ViT-B/16,k8,trunc,3007,0.901513,0.856856,0.970452,0.250000,32
ETHZ,ViT-B/16,LEG,full,3007,0.901513,0.753531,0.937657,0.250000,32
ETHZ,ViT-B/16,LEG,trunc,3007,0.901513,0.830706,0.950308,0.250000,13
ETHZ,ViT-B/16,kval_le3,full,3007,0.901513,0.887940,0.973888,0.250000,k3/32
ETHZ,ViT-B/16,kval_ext,full,3007,0.901513,0.856856,0.970452,0.250000,k8/32
ETHZ,ViT-B/16,kval_le3,trunc,3007,0.901513,0.859902,0.970368,0.250000,k2/6
ETHZ,ViT-B/16,kval_ext,trunc,3007,0.901513,0.859902,0.970368,0.250000,k2/6
ETHZ,ViT-B/16,k2,full,3008,0.891914,0.812465,0.961794,0.250000,32
ETHZ,ViT-B/16,k2,trunc,3008,0.891914,0.854260,0.964152,0.250000,21
ETHZ,ViT-B/16,k2.5,full,3008,0.891914,0.842912,0.962286,0.250000,32
ETHZ,ViT-B/16,k2.5,trunc,3008,0.891914,0.886044,0.967945,0.250000,20
ETHZ,ViT-B/16,k3,full,3008,0.891914,0.867560,0.967187,0.250000,32
ETHZ,ViT-B/16,k3,trunc,3008,0.891914,0.890976,0.969064,0.250000,24
ETHZ,ViT-B/16,k3.5,full,3008,0.891914,0.883809,0.969153,0.250000,32
ETHZ,ViT-B/16,k3.5,trunc,3008,0.891914,0.891435,0.969554,0.250000,28
ETHZ,ViT-B/16,k4,full,3008,0.891914,0.892212,0.969870,0.250000,32
ETHZ,ViT-B/16,k4,trunc,3008,0.891914,0.892212,0.969870,0.250000,32
ETHZ,ViT-B/16,k5,full,3008,0.891914,0.879381,0.969885,0.250000,32
ETHZ,ViT-B/16,k5,trunc,3008,0.891914,0.879381,0.969885,0.250000,32
ETHZ,ViT-B/16,k6,full,3008,0.891914,0.867929,0.967774,0.250000,32
ETHZ,ViT-B/16,k6,trunc,3008,0.891914,0.866379,0.972097,0.250000,23
ETHZ,ViT-B/16,k8,full,3008,0.891914,0.871119,0.972360,0.250000,32
ETHZ,ViT-B/16,k8,trunc,3008,0.891914,0.865336,0.972010,0.250000,31
ETHZ,ViT-B/16,LEG,full,3008,0.891914,0.735911,0.937897,0.250000,32
ETHZ,ViT-B/16,LEG,trunc,3008,0.891914,0.835043,0.952811,0.500000,10
ETHZ,ViT-B/16,kval_le3,full,3008,0.891914,0.867560,0.967187,0.250000,k3/32
ETHZ,ViT-B/16,kval_ext,full,3008,0.891914,0.892212,0.969870,0.250000,k4/32
ETHZ,ViT-B/16,kval_le3,trunc,3008,0.891914,0.890976,0.969064,0.250000,k3/24
ETHZ,ViT-B/16,kval_ext,trunc,3008,0.891914,0.890976,0.969064,0.250000,k3/24
ETHZ,ViT-B/16,k2,full,3009,0.908259,0.835724,0.960523,0.500000,32
ETHZ,ViT-B/16,k2,trunc,3009,0.908259,0.907370,0.969543,0.500000,16
ETHZ,ViT-B/16,k2.5,full,3009,0.908259,0.871184,0.964158,0.500000,32
ETHZ,ViT-B/16,k2.5,trunc,3009,0.908259,0.921288,0.970985,0.500000,20
ETHZ,ViT-B/16,k3,full,3009,0.908259,0.899751,0.967272,0.500000,32
ETHZ,ViT-B/16,k3,trunc,3009,0.908259,0.924124,0.971435,0.500000,24
ETHZ,ViT-B/16,k3.5,full,3009,0.908259,0.917981,0.969412,0.500000,32
ETHZ,ViT-B/16,k3.5,trunc,3009,0.908259,0.923389,0.971777,0.500000,28
ETHZ,ViT-B/16,k4,full,3009,0.908259,0.923275,0.971564,0.500000,32
ETHZ,ViT-B/16,k4,trunc,3009,0.908259,0.923275,0.971564,0.500000,32
ETHZ,ViT-B/16,k5,full,3009,0.908259,0.896565,0.969742,0.500000,32
ETHZ,ViT-B/16,k5,trunc,3009,0.908259,0.862896,0.975478,0.250000,19
ETHZ,ViT-B/16,k6,full,3009,0.908259,0.862873,0.966175,0.500000,32
ETHZ,ViT-B/16,k6,trunc,3009,0.908259,0.860434,0.975300,0.250000,23
ETHZ,ViT-B/16,k8,full,3009,0.908259,0.863136,0.975106,0.250000,32
ETHZ,ViT-B/16,k8,trunc,3009,0.908259,0.859343,0.975238,0.250000,31
ETHZ,ViT-B/16,LEG,full,3009,0.908259,0.753558,0.943300,0.500000,32
ETHZ,ViT-B/16,LEG,trunc,3009,0.908259,0.853499,0.962925,0.500000,10
ETHZ,ViT-B/16,kval_le3,full,3009,0.908259,0.899751,0.967272,0.500000,k3/32
ETHZ,ViT-B/16,kval_ext,full,3009,0.908259,0.923275,0.971564,0.500000,k4/32
ETHZ,ViT-B/16,kval_le3,trunc,3009,0.908259,0.921288,0.970985,0.500000,k2.5/20
ETHZ,ViT-B/16,kval_ext,trunc,3009,0.908259,0.921288,0.970985,0.500000,k2.5/20
ETHZ,ViT-B/16,k2,full,3010,0.898471,0.851365,0.969041,0.250000,32
ETHZ,ViT-B/16,k2,trunc,3010,0.898471,0.888794,0.972526,0.250000,19
ETHZ,ViT-B/16,k2.5,full,3010,0.898471,0.872308,0.970933,0.250000,32
ETHZ,ViT-B/16,k2.5,trunc,3010,0.898471,0.894145,0.974887,0.250000,25
ETHZ,ViT-B/16,k3,full,3010,0.898471,0.890309,0.974376,0.250000,32
ETHZ,ViT-B/16,k3,trunc,3010,0.898471,0.890309,0.974376,0.250000,32
ETHZ,ViT-B/16,k3.5,full,3010,0.898471,0.902469,0.977270,0.250000,32
ETHZ,ViT-B/16,k3.5,trunc,3010,0.898471,0.906616,0.977943,0.250000,27
ETHZ,ViT-B/16,k4,full,3010,0.898471,0.908663,0.978151,0.250000,32
ETHZ,ViT-B/16,k4,trunc,3010,0.898471,0.907330,0.977878,0.250000,31
ETHZ,ViT-B/16,k5,full,3010,0.898471,0.884279,0.974726,0.250000,32
ETHZ,ViT-B/16,k5,trunc,3010,0.898471,0.853017,0.972265,0.250000,19
ETHZ,ViT-B/16,k6,full,3010,0.898471,0.855588,0.968696,0.250000,32
ETHZ,ViT-B/16,k6,trunc,3010,0.898471,0.851461,0.972312,0.250000,23
ETHZ,ViT-B/16,k8,full,3010,0.898471,0.857060,0.972893,0.250000,32
ETHZ,ViT-B/16,k8,trunc,3010,0.898471,0.851089,0.972160,0.250000,31
ETHZ,ViT-B/16,LEG,full,3010,0.898471,0.766728,0.945675,0.250000,32
ETHZ,ViT-B/16,LEG,trunc,3010,0.898471,0.850124,0.956366,0.250000,10
ETHZ,ViT-B/16,kval_le3,full,3010,0.898471,0.890309,0.974376,0.250000,k3/32
ETHZ,ViT-B/16,kval_ext,full,3010,0.898471,0.890309,0.974376,0.250000,k3/32
ETHZ,ViT-B/16,kval_le3,trunc,3010,0.898471,0.890309,0.974376,0.250000,k3/32
ETHZ,ViT-B/16,kval_ext,trunc,3010,0.898471,0.890309,0.974376,0.250000,k3/32
MPEG-7,ViT-B/16,k2,full,3001,0.637738,0.665549,0.793166,0.250000,32
MPEG-7,ViT-B/16,k2,trunc,3001,0.637738,0.677200,0.804333,0.250000,14
MPEG-7,ViT-B/16,k2.5,full,3001,0.637738,0.671974,0.799525,0.250000,32
MPEG-7,ViT-B/16,k2.5,trunc,3001,0.637738,0.676685,0.803644,0.250000,18
MPEG-7,ViT-B/16,k3,full,3001,0.637738,0.676362,0.803764,0.250000,32
MPEG-7,ViT-B/16,k3,trunc,3001,0.637738,0.677204,0.803450,0.250000,24
MPEG-7,ViT-B/16,k3.5,full,3001,0.637738,0.677113,0.802297,0.250000,32
MPEG-7,ViT-B/16,k3.5,trunc,3001,0.637738,0.677931,0.802871,0.250000,30
MPEG-7,ViT-B/16,k4,full,3001,0.637738,0.674806,0.802154,0.250000,32
MPEG-7,ViT-B/16,k4,trunc,3001,0.637738,0.673842,0.801822,0.250000,30
MPEG-7,ViT-B/16,k5,full,3001,0.637738,0.657276,0.795907,0.250000,32
MPEG-7,ViT-B/16,k5,trunc,3001,0.637738,0.657276,0.795907,0.250000,32
MPEG-7,ViT-B/16,k6,full,3001,0.637738,0.631502,0.783607,0.250000,32
MPEG-7,ViT-B/16,k6,trunc,3001,0.637738,0.631502,0.783607,0.250000,32
MPEG-7,ViT-B/16,k8,full,3001,0.637738,0.577943,0.751652,0.250000,32
MPEG-7,ViT-B/16,k8,trunc,3001,0.637738,0.577943,0.751652,0.250000,32
MPEG-7,ViT-B/16,LEG,full,3001,0.637738,0.611042,0.757770,0.250000,32
MPEG-7,ViT-B/16,LEG,trunc,3001,0.637738,0.613058,0.762678,0.250000,13
MPEG-7,ViT-B/16,kval_le3,full,3001,0.637738,0.676362,0.803764,0.250000,k3/32
MPEG-7,ViT-B/16,kval_ext,full,3001,0.637738,0.677113,0.802297,0.250000,k3.5/32
MPEG-7,ViT-B/16,kval_le3,trunc,3001,0.637738,0.677200,0.804333,0.250000,k2/14
MPEG-7,ViT-B/16,kval_ext,trunc,3001,0.637738,0.677200,0.804333,0.250000,k2/14
MPEG-7,ViT-B/16,k2,full,3002,0.636071,0.665262,0.791057,0.250000,32
MPEG-7,ViT-B/16,k2,trunc,3002,0.636071,0.673575,0.800714,0.250000,14
MPEG-7,ViT-B/16,k2.5,full,3002,0.636071,0.668160,0.795245,0.250000,32
MPEG-7,ViT-B/16,k2.5,trunc,3002,0.636071,0.674526,0.798791,0.250000,21
MPEG-7,ViT-B/16,k3,full,3002,0.636071,0.672864,0.798134,0.250000,32
MPEG-7,ViT-B/16,k3,trunc,3002,0.636071,0.673300,0.797321,0.250000,25
MPEG-7,ViT-B/16,k3.5,full,3002,0.636071,0.672979,0.796888,0.250000,32
MPEG-7,ViT-B/16,k3.5,trunc,3002,0.636071,0.674249,0.797140,0.250000,31
MPEG-7,ViT-B/16,k4,full,3002,0.636071,0.669468,0.796753,0.250000,32
MPEG-7,ViT-B/16,k4,trunc,3002,0.636071,0.669468,0.796753,0.250000,32
MPEG-7,ViT-B/16,k5,full,3002,0.636071,0.654391,0.788881,0.250000,32
MPEG-7,ViT-B/16,k5,trunc,3002,0.636071,0.654391,0.788881,0.250000,32
MPEG-7,ViT-B/16,k6,full,3002,0.636071,0.636620,0.778029,0.250000,32
MPEG-7,ViT-B/16,k6,trunc,3002,0.636071,0.636620,0.778029,0.250000,32
MPEG-7,ViT-B/16,k8,full,3002,0.636071,0.581196,0.749652,0.250000,32
MPEG-7,ViT-B/16,k8,trunc,3002,0.636071,0.581196,0.749652,0.250000,32
MPEG-7,ViT-B/16,LEG,full,3002,0.636071,0.608485,0.755901,0.250000,32
MPEG-7,ViT-B/16,LEG,trunc,3002,0.636071,0.614008,0.765749,0.250000,15
MPEG-7,ViT-B/16,kval_le3,full,3002,0.636071,0.672864,0.798134,0.250000,k3/32
MPEG-7,ViT-B/16,kval_ext,full,3002,0.636071,0.669468,0.796753,0.250000,k4/32
MPEG-7,ViT-B/16,kval_le3,trunc,3002,0.636071,0.674526,0.798791,0.250000,k2.5/21
MPEG-7,ViT-B/16,kval_ext,trunc,3002,0.636071,0.674526,0.798791,0.250000,k2.5/21
MPEG-7,ViT-B/16,k2,full,3003,0.625281,0.665083,0.788307,0.250000,32
MPEG-7,ViT-B/16,k2,trunc,3003,0.625281,0.674889,0.793654,0.250000,14
MPEG-7,ViT-B/16,k2.5,full,3003,0.625281,0.673560,0.788925,0.250000,32
MPEG-7,ViT-B/16,k2.5,trunc,3003,0.625281,0.679782,0.792657,0.250000,25
MPEG-7,ViT-B/16,k3,full,3003,0.625281,0.677122,0.792355,0.250000,32
MPEG-7,ViT-B/16,k3,trunc,3003,0.625281,0.682165,0.793642,0.250000,29
MPEG-7,ViT-B/16,k3.5,full,3003,0.625281,0.680131,0.792160,0.250000,32
MPEG-7,ViT-B/16,k3.5,trunc,3003,0.625281,0.680131,0.792160,0.250000,32
MPEG-7,ViT-B/16,k4,full,3003,0.625281,0.676839,0.791501,0.250000,32
MPEG-7,ViT-B/16,k4,trunc,3003,0.625281,0.675674,0.790582,0.250000,30
MPEG-7,ViT-B/16,k5,full,3003,0.625281,0.656823,0.782295,0.250000,32
MPEG-7,ViT-B/16,k5,trunc,3003,0.625281,0.656823,0.782295,0.250000,32
MPEG-7,ViT-B/16,k6,full,3003,0.625281,0.636213,0.768107,0.250000,32
MPEG-7,ViT-B/16,k6,trunc,3003,0.625281,0.636213,0.768107,0.250000,32
MPEG-7,ViT-B/16,k8,full,3003,0.625281,0.579965,0.741908,0.250000,32
MPEG-7,ViT-B/16,k8,trunc,3003,0.625281,0.579965,0.741908,0.250000,32
MPEG-7,ViT-B/16,LEG,full,3003,0.625281,0.611803,0.754106,0.250000,32
MPEG-7,ViT-B/16,LEG,trunc,3003,0.625281,0.621413,0.758900,0.250000,13
MPEG-7,ViT-B/16,kval_le3,full,3003,0.625281,0.677122,0.792355,0.250000,k3/32
MPEG-7,ViT-B/16,kval_ext,full,3003,0.625281,0.677122,0.792355,0.250000,k3/32
MPEG-7,ViT-B/16,kval_le3,trunc,3003,0.625281,0.674889,0.793654,0.250000,k2/14
MPEG-7,ViT-B/16,kval_ext,trunc,3003,0.625281,0.674889,0.793654,0.250000,k2/14
MPEG-7,ViT-B/16,k2,full,3004,0.645825,0.672202,0.793706,0.250000,32
MPEG-7,ViT-B/16,k2,trunc,3004,0.645825,0.681365,0.801971,0.250000,15
MPEG-7,ViT-B/16,k2.5,full,3004,0.645825,0.678793,0.799788,0.250000,32
MPEG-7,ViT-B/16,k2.5,trunc,3004,0.645825,0.683251,0.801478,0.250000,23
MPEG-7,ViT-B/16,k3,full,3004,0.645825,0.680921,0.802149,0.250000,32
MPEG-7,ViT-B/16,k3,trunc,3004,0.645825,0.683321,0.801655,0.250000,27
MPEG-7,ViT-B/16,k3.5,full,3004,0.645825,0.681848,0.800884,0.250000,32
MPEG-7,ViT-B/16,k3.5,trunc,3004,0.645825,0.682203,0.801128,0.250000,31
MPEG-7,ViT-B/16,k4,full,3004,0.645825,0.680148,0.799625,0.250000,32
MPEG-7,ViT-B/16,k4,trunc,3004,0.645825,0.680148,0.799625,0.250000,32
MPEG-7,ViT-B/16,k5,full,3004,0.645825,0.666939,0.791155,0.250000,32
MPEG-7,ViT-B/16,k5,trunc,3004,0.645825,0.666939,0.791155,0.250000,32
MPEG-7,ViT-B/16,k6,full,3004,0.645825,0.648146,0.780747,0.250000,32
MPEG-7,ViT-B/16,k6,trunc,3004,0.645825,0.648146,0.780747,0.250000,32
MPEG-7,ViT-B/16,k8,full,3004,0.645825,0.594931,0.751067,0.250000,32
MPEG-7,ViT-B/16,k8,trunc,3004,0.645825,0.594931,0.751067,0.250000,32
MPEG-7,ViT-B/16,LEG,full,3004,0.645825,0.611645,0.762683,0.250000,32
MPEG-7,ViT-B/16,LEG,trunc,3004,0.645825,0.619925,0.765994,0.250000,15
MPEG-7,ViT-B/16,kval_le3,full,3004,0.645825,0.680921,0.802149,0.250000,k3/32
MPEG-7,ViT-B/16,kval_ext,full,3004,0.645825,0.680921,0.802149,0.250000,k3/32
MPEG-7,ViT-B/16,kval_le3,trunc,3004,0.645825,0.681365,0.801971,0.250000,k2/15
MPEG-7,ViT-B/16,kval_ext,trunc,3004,0.645825,0.681365,0.801971,0.250000,k2/15
MPEG-7,ViT-B/16,k2,full,3005,0.641068,0.664201,0.795012,0.250000,32
MPEG-7,ViT-B/16,k2,trunc,3005,0.641068,0.671312,0.803879,0.250000,19
MPEG-7,ViT-B/16,k2.5,full,3005,0.641068,0.672820,0.799122,0.250000,32
MPEG-7,ViT-B/16,k2.5,trunc,3005,0.641068,0.677280,0.802782,0.250000,26
MPEG-7,ViT-B/16,k3,full,3005,0.641068,0.675010,0.802480,0.250000,32
MPEG-7,ViT-B/16,k3,trunc,3005,0.641068,0.675155,0.802311,0.250000,31
MPEG-7,ViT-B/16,k3.5,full,3005,0.641068,0.676034,0.802789,0.250000,32
MPEG-7,ViT-B/16,k3.5,trunc,3005,0.641068,0.676894,0.803323,0.250000,31
MPEG-7,ViT-B/16,k4,full,3005,0.641068,0.674227,0.803072,0.250000,32
MPEG-7,ViT-B/16,k4,trunc,3005,0.641068,0.675258,0.803159,0.250000,31
MPEG-7,ViT-B/16,k5,full,3005,0.641068,0.657402,0.799930,0.250000,32
MPEG-7,ViT-B/16,k5,trunc,3005,0.641068,0.657402,0.799930,0.250000,32
MPEG-7,ViT-B/16,k6,full,3005,0.641068,0.635403,0.786166,0.250000,32
MPEG-7,ViT-B/16,k6,trunc,3005,0.641068,0.635403,0.786166,0.250000,32
MPEG-7,ViT-B/16,k8,full,3005,0.641068,0.577993,0.753653,0.250000,32
MPEG-7,ViT-B/16,k8,trunc,3005,0.641068,0.577993,0.753653,0.250000,32
MPEG-7,ViT-B/16,LEG,full,3005,0.641068,0.605811,0.761507,0.250000,32
MPEG-7,ViT-B/16,LEG,trunc,3005,0.641068,0.613128,0.769297,0.250000,15
MPEG-7,ViT-B/16,kval_le3,full,3005,0.641068,0.675010,0.802480,0.250000,k3/32
MPEG-7,ViT-B/16,kval_ext,full,3005,0.641068,0.675010,0.802480,0.250000,k3/32
MPEG-7,ViT-B/16,kval_le3,trunc,3005,0.641068,0.677280,0.802782,0.250000,k2.5/26
MPEG-7,ViT-B/16,kval_ext,trunc,3005,0.641068,0.677280,0.802782,0.250000,k2.5/26
MPEG-7,ViT-B/16,k2,full,3006,0.639069,0.650201,0.783822,0.250000,32
MPEG-7,ViT-B/16,k2,trunc,3006,0.639069,0.661592,0.795600,0.250000,14
MPEG-7,ViT-B/16,k2.5,full,3006,0.639069,0.657624,0.789394,0.250000,32
MPEG-7,ViT-B/16,k2.5,trunc,3006,0.639069,0.666410,0.794786,0.250000,21
MPEG-7,ViT-B/16,k3,full,3006,0.639069,0.661759,0.792947,0.250000,32
MPEG-7,ViT-B/16,k3,trunc,3006,0.639069,0.663640,0.793294,0.250000,27
MPEG-7,ViT-B/16,k3.5,full,3006,0.639069,0.661004,0.792204,0.250000,32
MPEG-7,ViT-B/16,k3.5,trunc,3006,0.639069,0.662311,0.792867,0.250000,31
MPEG-7,ViT-B/16,k4,full,3006,0.639069,0.658606,0.792694,0.250000,32
MPEG-7,ViT-B/16,k4,trunc,3006,0.639069,0.658606,0.792694,0.250000,32
MPEG-7,ViT-B/16,k5,full,3006,0.639069,0.646846,0.787355,0.250000,32
MPEG-7,ViT-B/16,k5,trunc,3006,0.639069,0.646846,0.787355,0.250000,32
MPEG-7,ViT-B/16,k6,full,3006,0.639069,0.626739,0.775260,0.250000,32
MPEG-7,ViT-B/16,k6,trunc,3006,0.639069,0.626739,0.775260,0.250000,32
MPEG-7,ViT-B/16,k8,full,3006,0.639069,0.575019,0.742205,0.250000,32
MPEG-7,ViT-B/16,k8,trunc,3006,0.639069,0.575019,0.742205,0.250000,32
MPEG-7,ViT-B/16,LEG,full,3006,0.639069,0.603866,0.750455,0.250000,32
MPEG-7,ViT-B/16,LEG,trunc,3006,0.639069,0.613878,0.760282,0.250000,15
MPEG-7,ViT-B/16,kval_le3,full,3006,0.639069,0.661759,0.792947,0.250000,k3/32
MPEG-7,ViT-B/16,kval_ext,full,3006,0.639069,0.661004,0.792204,0.250000,k3.5/32
MPEG-7,ViT-B/16,kval_le3,trunc,3006,0.639069,0.666410,0.794786,0.250000,k2.5/21
MPEG-7,ViT-B/16,kval_ext,trunc,3006,0.639069,0.666410,0.794786,0.250000,k2.5/21
MPEG-7,ViT-B/16,k2,full,3007,0.643689,0.660702,0.787085,0.250000,32
MPEG-7,ViT-B/16,k2,trunc,3007,0.643689,0.672479,0.799642,0.250000,14
MPEG-7,ViT-B/16,k2.5,full,3007,0.643689,0.664408,0.792077,0.250000,32
MPEG-7,ViT-B/16,k2.5,trunc,3007,0.643689,0.665753,0.796280,0.250000,19
MPEG-7,ViT-B/16,k3,full,3007,0.643689,0.668007,0.795865,0.250000,32
MPEG-7,ViT-B/16,k3,trunc,3007,0.643689,0.667278,0.796113,0.250000,25
MPEG-7,ViT-B/16,k3.5,full,3007,0.643689,0.668484,0.795259,0.250000,32
MPEG-7,ViT-B/16,k3.5,trunc,3007,0.643689,0.668459,0.795948,0.250000,30
MPEG-7,ViT-B/16,k4,full,3007,0.643689,0.664949,0.795581,0.250000,32
MPEG-7,ViT-B/16,k4,trunc,3007,0.643689,0.664949,0.795581,0.250000,32
MPEG-7,ViT-B/16,k5,full,3007,0.643689,0.650982,0.790646,0.250000,32
MPEG-7,ViT-B/16,k5,trunc,3007,0.643689,0.650982,0.790646,0.250000,32
MPEG-7,ViT-B/16,k6,full,3007,0.643689,0.628950,0.781877,0.250000,32
MPEG-7,ViT-B/16,k6,trunc,3007,0.643689,0.628950,0.781877,0.250000,32
MPEG-7,ViT-B/16,k8,full,3007,0.643689,0.569570,0.751120,0.250000,32
MPEG-7,ViT-B/16,k8,trunc,3007,0.643689,0.569570,0.751120,0.250000,32
MPEG-7,ViT-B/16,LEG,full,3007,0.643689,0.602175,0.754979,0.250000,32
MPEG-7,ViT-B/16,LEG,trunc,3007,0.643689,0.608365,0.764733,0.250000,13
MPEG-7,ViT-B/16,kval_le3,full,3007,0.643689,0.668007,0.795865,0.250000,k3/32
MPEG-7,ViT-B/16,kval_ext,full,3007,0.643689,0.668484,0.795259,0.250000,k3.5/32
MPEG-7,ViT-B/16,kval_le3,trunc,3007,0.643689,0.672479,0.799642,0.250000,k2/14
MPEG-7,ViT-B/16,kval_ext,trunc,3007,0.643689,0.672479,0.799642,0.250000,k2/14
MPEG-7,ViT-B/16,k2,full,3008,0.651658,0.677548,0.799868,0.250000,32
MPEG-7,ViT-B/16,k2,trunc,3008,0.651658,0.690151,0.812869,0.250000,15
MPEG-7,ViT-B/16,k2.5,full,3008,0.651658,0.680931,0.805906,0.250000,32
MPEG-7,ViT-B/16,k2.5,trunc,3008,0.651658,0.689846,0.812942,0.250000,20
MPEG-7,ViT-B/16,k3,full,3008,0.651658,0.686925,0.810513,0.250000,32
MPEG-7,ViT-B/16,k3,trunc,3008,0.651658,0.688771,0.812978,0.250000,25
MPEG-7,ViT-B/16,k3.5,full,3008,0.651658,0.687329,0.811984,0.250000,32
MPEG-7,ViT-B/16,k3.5,trunc,3008,0.651658,0.688700,0.812789,0.250000,31
MPEG-7,ViT-B/16,k4,full,3008,0.651658,0.683153,0.811808,0.250000,32
MPEG-7,ViT-B/16,k4,trunc,3008,0.651658,0.683153,0.811808,0.250000,32
MPEG-7,ViT-B/16,k5,full,3008,0.651658,0.664229,0.804208,0.250000,32
MPEG-7,ViT-B/16,k5,trunc,3008,0.651658,0.664229,0.804208,0.250000,32
MPEG-7,ViT-B/16,k6,full,3008,0.651658,0.640565,0.792644,0.250000,32
MPEG-7,ViT-B/16,k6,trunc,3008,0.651658,0.640565,0.792644,0.250000,32
MPEG-7,ViT-B/16,k8,full,3008,0.651658,0.581435,0.763383,0.250000,32
MPEG-7,ViT-B/16,k8,trunc,3008,0.651658,0.581435,0.763383,0.250000,32
MPEG-7,ViT-B/16,LEG,full,3008,0.651658,0.612417,0.768153,0.250000,32
MPEG-7,ViT-B/16,LEG,trunc,3008,0.651658,0.619175,0.776480,0.250000,17
MPEG-7,ViT-B/16,kval_le3,full,3008,0.651658,0.680931,0.805906,0.250000,k2.5/32
MPEG-7,ViT-B/16,kval_ext,full,3008,0.651658,0.687329,0.811984,0.250000,k3.5/32
MPEG-7,ViT-B/16,kval_le3,trunc,3008,0.651658,0.690151,0.812869,0.250000,k2/15
MPEG-7,ViT-B/16,kval_ext,trunc,3008,0.651658,0.690151,0.812869,0.250000,k2/15
MPEG-7,ViT-B/16,k2,full,3009,0.637298,0.678460,0.804044,0.250000,32
MPEG-7,ViT-B/16,k2,trunc,3009,0.637298,0.681664,0.811296,0.250000,14
MPEG-7,ViT-B/16,k2.5,full,3009,0.637298,0.678650,0.806697,0.250000,32
MPEG-7,ViT-B/16,k2.5,trunc,3009,0.637298,0.679337,0.811156,0.250000,18
MPEG-7,ViT-B/16,k3,full,3009,0.637298,0.680392,0.809460,0.250000,32
MPEG-7,ViT-B/16,k3,trunc,3009,0.637298,0.681145,0.809917,0.250000,25
MPEG-7,ViT-B/16,k3.5,full,3009,0.637298,0.680566,0.809305,0.250000,32
MPEG-7,ViT-B/16,k3.5,trunc,3009,0.637298,0.680105,0.809420,0.250000,29
MPEG-7,ViT-B/16,k4,full,3009,0.637298,0.676791,0.809049,0.250000,32
MPEG-7,ViT-B/16,k4,trunc,3009,0.637298,0.676839,0.809505,0.250000,31
MPEG-7,ViT-B/16,k5,full,3009,0.637298,0.662389,0.802111,0.250000,32
MPEG-7,ViT-B/16,k5,trunc,3009,0.637298,0.662389,0.802111,0.250000,32
MPEG-7,ViT-B/16,k6,full,3009,0.637298,0.644096,0.792030,0.250000,32
MPEG-7,ViT-B/16,k6,trunc,3009,0.637298,0.644096,0.792030,0.250000,32
MPEG-7,ViT-B/16,k8,full,3009,0.637298,0.589408,0.760483,0.250000,32
MPEG-7,ViT-B/16,k8,trunc,3009,0.637298,0.589408,0.760483,0.250000,32
MPEG-7,ViT-B/16,LEG,full,3009,0.637298,0.621155,0.767397,0.250000,32
MPEG-7,ViT-B/16,LEG,trunc,3009,0.637298,0.622990,0.774991,0.250000,13
MPEG-7,ViT-B/16,kval_le3,full,3009,0.637298,0.680392,0.809460,0.250000,k3/32
MPEG-7,ViT-B/16,kval_ext,full,3009,0.637298,0.676791,0.809049,0.250000,k4/32
MPEG-7,ViT-B/16,kval_le3,trunc,3009,0.637298,0.681664,0.811296,0.250000,k2/14
MPEG-7,ViT-B/16,kval_ext,trunc,3009,0.637298,0.681664,0.811296,0.250000,k2/14
MPEG-7,ViT-B/16,k2,full,3010,0.615368,0.671330,0.780595,0.250000,32
MPEG-7,ViT-B/16,k2,trunc,3010,0.615368,0.689325,0.793312,0.250000,14
MPEG-7,ViT-B/16,k2.5,full,3010,0.615368,0.678975,0.787614,0.250000,32
MPEG-7,ViT-B/16,k2.5,trunc,3010,0.615368,0.690328,0.792025,0.250000,20
MPEG-7,ViT-B/16,k3,full,3010,0.615368,0.688066,0.792905,0.250000,32
MPEG-7,ViT-B/16,k3,trunc,3010,0.615368,0.688140,0.792443,0.250000,24
MPEG-7,ViT-B/16,k3.5,full,3010,0.615368,0.688941,0.792146,0.250000,32
MPEG-7,ViT-B/16,k3.5,trunc,3010,0.615368,0.689792,0.792915,0.250000,31
MPEG-7,ViT-B/16,k4,full,3010,0.615368,0.688022,0.792133,0.250000,32
MPEG-7,ViT-B/16,k4,trunc,3010,0.615368,0.688022,0.792133,0.250000,32
MPEG-7,ViT-B/16,k5,full,3010,0.615368,0.672494,0.782312,0.250000,32
MPEG-7,ViT-B/16,k5,trunc,3010,0.615368,0.672494,0.782312,0.250000,32
MPEG-7,ViT-B/16,k6,full,3010,0.615368,0.655673,0.769679,0.250000,32
MPEG-7,ViT-B/16,k6,trunc,3010,0.615368,0.655673,0.769679,0.250000,32
MPEG-7,ViT-B/16,k8,full,3010,0.615368,0.592703,0.734615,0.250000,32
MPEG-7,ViT-B/16,k8,trunc,3010,0.615368,0.592703,0.734615,0.250000,32
MPEG-7,ViT-B/16,LEG,full,3010,0.615368,0.618778,0.750629,0.250000,32
MPEG-7,ViT-B/16,LEG,trunc,3010,0.615368,0.625334,0.755591,0.250000,17
MPEG-7,ViT-B/16,kval_le3,full,3010,0.615368,0.688066,0.792905,0.250000,k3/32
MPEG-7,ViT-B/16,kval_ext,full,3010,0.615368,0.688022,0.792133,0.250000,k4/32
MPEG-7,ViT-B/16,kval_le3,trunc,3010,0.615368,0.689325,0.793312,0.250000,k2/14
MPEG-7,ViT-B/16,kval_ext,trunc,3010,0.615368,0.689325,0.793312,0.250000,k2/14
MPEG-7,ResNet-18,k2,full,3001,0.649893,0.665549,0.796158,0.500000,32
MPEG-7,ResNet-18,k2,trunc,3001,0.649893,0.674371,0.806212,0.500000,16
MPEG-7,ResNet-18,k2.5,full,3001,0.649893,0.671974,0.803450,0.500000,32
MPEG-7,ResNet-18,k2.5,trunc,3001,0.649893,0.679233,0.809073,0.500000,23
MPEG-7,ResNet-18,k3,full,3001,0.649893,0.676362,0.807038,0.500000,32
MPEG-7,ResNet-18,k3,trunc,3001,0.649893,0.679122,0.807996,0.500000,29
MPEG-7,ResNet-18,k3.5,full,3001,0.649893,0.677113,0.807089,0.500000,32
MPEG-7,ResNet-18,k3.5,trunc,3001,0.649893,0.678350,0.807051,0.500000,31
MPEG-7,ResNet-18,k4,full,3001,0.649893,0.674806,0.807063,0.500000,32
MPEG-7,ResNet-18,k4,trunc,3001,0.649893,0.674806,0.807063,0.500000,32
MPEG-7,ResNet-18,k5,full,3001,0.649893,0.657276,0.798444,0.500000,32
MPEG-7,ResNet-18,k5,trunc,3001,0.649893,0.657276,0.798444,0.500000,32
MPEG-7,ResNet-18,k6,full,3001,0.649893,0.631502,0.786952,0.250000,32
MPEG-7,ResNet-18,k6,trunc,3001,0.649893,0.631502,0.786952,0.250000,32
MPEG-7,ResNet-18,k8,full,3001,0.649893,0.577943,0.769913,0.250000,32
MPEG-7,ResNet-18,k8,trunc,3001,0.649893,0.577943,0.769913,0.250000,32
MPEG-7,ResNet-18,LEG,full,3001,0.649893,0.611042,0.757299,0.500000,32
MPEG-7,ResNet-18,LEG,trunc,3001,0.649893,0.613703,0.765884,0.500000,17
MPEG-7,ResNet-18,kval_le3,full,3001,0.649893,0.676362,0.807038,0.500000,k3/32
MPEG-7,ResNet-18,kval_ext,full,3001,0.649893,0.677113,0.807089,0.500000,k3.5/32
MPEG-7,ResNet-18,kval_le3,trunc,3001,0.649893,0.679233,0.809073,0.500000,k2.5/23
MPEG-7,ResNet-18,kval_ext,trunc,3001,0.649893,0.679233,0.809073,0.500000,k2.5/23
MPEG-7,ResNet-18,k2,full,3002,0.653417,0.665262,0.798956,0.500000,32
MPEG-7,ResNet-18,k2,trunc,3002,0.653417,0.674532,0.805129,0.500000,15
MPEG-7,ResNet-18,k2.5,full,3002,0.653417,0.668160,0.801014,0.500000,32
MPEG-7,ResNet-18,k2.5,trunc,3002,0.653417,0.674526,0.804734,0.500000,21
MPEG-7,ResNet-18,k3,full,3002,0.653417,0.672864,0.804177,0.500000,32
MPEG-7,ResNet-18,k3,trunc,3002,0.653417,0.673300,0.803180,0.500000,25
MPEG-7,ResNet-18,k3.5,full,3002,0.653417,0.672979,0.803308,0.500000,32
MPEG-7,ResNet-18,k3.5,trunc,3002,0.653417,0.674249,0.803080,0.500000,31
MPEG-7,ResNet-18,k4,full,3002,0.653417,0.669468,0.801907,0.500000,32
MPEG-7,ResNet-18,k4,trunc,3002,0.653417,0.669468,0.801907,0.500000,32
MPEG-7,ResNet-18,k5,full,3002,0.653417,0.654391,0.789764,0.250000,32
MPEG-7,ResNet-18,k5,trunc,3002,0.653417,0.654391,0.789764,0.250000,32
MPEG-7,ResNet-18,k6,full,3002,0.653417,0.636620,0.782433,0.250000,32
MPEG-7,ResNet-18,k6,trunc,3002,0.653417,0.636620,0.782433,0.250000,32
MPEG-7,ResNet-18,k8,full,3002,0.653417,0.581196,0.764095,0.250000,32
MPEG-7,ResNet-18,k8,trunc,3002,0.653417,0.581196,0.764095,0.250000,32
MPEG-7,ResNet-18,LEG,full,3002,0.653417,0.608485,0.759488,0.500000,32
MPEG-7,ResNet-18,LEG,trunc,3002,0.653417,0.614008,0.769021,0.500000,15
MPEG-7,ResNet-18,kval_le3,full,3002,0.653417,0.672864,0.804177,0.500000,k3/32
MPEG-7,ResNet-18,kval_ext,full,3002,0.653417,0.672979,0.803308,0.500000,k3.5/32
MPEG-7,ResNet-18,kval_le3,trunc,3002,0.653417,0.673300,0.803180,0.500000,k3/25
MPEG-7,ResNet-18,kval_ext,trunc,3002,0.653417,0.673300,0.803180,0.500000,k3/25
MPEG-7,ResNet-18,k2,full,3003,0.643532,0.665083,0.786406,0.500000,32
MPEG-7,ResNet-18,k2,trunc,3003,0.643532,0.673590,0.793514,0.500000,19
MPEG-7,ResNet-18,k2.5,full,3003,0.643532,0.673560,0.790519,0.500000,32
MPEG-7,ResNet-18,k2.5,trunc,3003,0.643532,0.678908,0.794070,0.500000,24
MPEG-7,ResNet-18,k3,full,3003,0.643532,0.677122,0.793321,0.500000,32
MPEG-7,ResNet-18,k3,trunc,3003,0.643532,0.678903,0.793518,0.500000,30
MPEG-7,ResNet-18,k3.5,full,3003,0.643532,0.680131,0.794051,0.500000,32
MPEG-7,ResNet-18,k3.5,trunc,3003,0.643532,0.681209,0.794245,0.500000,31
MPEG-7,ResNet-18,k4,full,3003,0.643532,0.676839,0.792449,0.500000,32
MPEG-7,ResNet-18,k4,trunc,3003,0.643532,0.676839,0.792449,0.500000,32
MPEG-7,ResNet-18,k5,full,3003,0.643532,0.656823,0.782046,0.500000,32
MPEG-7,ResNet-18,k5,trunc,3003,0.643532,0.656823,0.782046,0.500000,32
MPEG-7,ResNet-18,k6,full,3003,0.643532,0.636213,0.779860,0.250000,32
MPEG-7,ResNet-18,k6,trunc,3003,0.643532,0.636213,0.779860,0.250000,32
MPEG-7,ResNet-18,k8,full,3003,0.643532,0.579965,0.757937,0.250000,32
MPEG-7,ResNet-18,k8,trunc,3003,0.643532,0.579965,0.757937,0.250000,32
MPEG-7,ResNet-18,LEG,full,3003,0.643532,0.611803,0.754012,0.500000,32
MPEG-7,ResNet-18,LEG,trunc,3003,0.643532,0.620137,0.759044,0.500000,17
MPEG-7,ResNet-18,kval_le3,full,3003,0.643532,0.677122,0.793321,0.500000,k3/32
MPEG-7,ResNet-18,kval_ext,full,3003,0.643532,0.677122,0.793321,0.500000,k3/32
MPEG-7,ResNet-18,kval_le3,trunc,3003,0.643532,0.678908,0.794070,0.500000,k2.5/24
MPEG-7,ResNet-18,kval_ext,trunc,3003,0.643532,0.678908,0.794070,0.500000,k2.5/24
MPEG-7,ResNet-18,k2,full,3004,0.657645,0.672202,0.799708,0.500000,32
MPEG-7,ResNet-18,k2,trunc,3004,0.657645,0.680036,0.806205,0.500000,14
MPEG-7,ResNet-18,k2.5,full,3004,0.657645,0.678793,0.805233,0.500000,32
MPEG-7,ResNet-18,k2.5,trunc,3004,0.657645,0.683914,0.807899,0.500000,20
MPEG-7,ResNet-18,k3,full,3004,0.657645,0.680921,0.808526,0.500000,32
MPEG-7,ResNet-18,k3,trunc,3004,0.657645,0.683468,0.807453,0.500000,26
MPEG-7,ResNet-18,k3.5,full,3004,0.657645,0.681848,0.807441,0.500000,32
MPEG-7,ResNet-18,k3.5,trunc,3004,0.657645,0.682203,0.807565,0.500000,31
MPEG-7,ResNet-18,k4,full,3004,0.657645,0.680148,0.791390,0.250000,32
MPEG-7,ResNet-18,k4,trunc,3004,0.657645,0.680655,0.792612,0.250000,31
MPEG-7,ResNet-18,k5,full,3004,0.657645,0.666939,0.791028,0.250000,32
MPEG-7,ResNet-18,k5,trunc,3004,0.657645,0.666939,0.791028,0.250000,32
MPEG-7,ResNet-18,k6,full,3004,0.657645,0.648146,0.785382,0.250000,32
MPEG-7,ResNet-18,k6,trunc,3004,0.657645,0.648146,0.785382,0.250000,32
MPEG-7,ResNet-18,k8,full,3004,0.657645,0.594931,0.767874,0.250000,32
MPEG-7,ResNet-18,k8,trunc,3004,0.657645,0.594931,0.767874,0.250000,32
MPEG-7,ResNet-18,LEG,full,3004,0.657645,0.611645,0.758318,0.500000,32
MPEG-7,ResNet-18,LEG,trunc,3004,0.657645,0.619925,0.764984,0.500000,15
MPEG-7,ResNet-18,kval_le3,full,3004,0.657645,0.680921,0.808526,0.500000,k3/32
MPEG-7,ResNet-18,kval_ext,full,3004,0.657645,0.680148,0.791390,0.250000,k4/32
MPEG-7,ResNet-18,kval_le3,trunc,3004,0.657645,0.680036,0.806205,0.500000,k2/14
MPEG-7,ResNet-18,kval_ext,trunc,3004,0.657645,0.680036,0.806205,0.500000,k2/14
MPEG-7,ResNet-18,k2,full,3005,0.654124,0.664201,0.795835,0.500000,32
MPEG-7,ResNet-18,k2,trunc,3005,0.654124,0.675933,0.804788,0.500000,15
MPEG-7,ResNet-18,k2.5,full,3005,0.654124,0.672820,0.799954,0.500000,32
MPEG-7,ResNet-18,k2.5,trunc,3005,0.654124,0.679740,0.805476,0.500000,21
MPEG-7,ResNet-18,k3,full,3005,0.654124,0.675010,0.802907,0.500000,32
MPEG-7,ResNet-18,k3,trunc,3005,0.654124,0.676791,0.804812,0.500000,27
MPEG-7,ResNet-18,k3.5,full,3005,0.654124,0.676034,0.803045,0.500000,32
MPEG-7,ResNet-18,k3.5,trunc,3005,0.654124,0.676894,0.803707,0.500000,31
MPEG-7,ResNet-18,k4,full,3005,0.654124,0.674227,0.802598,0.500000,32
MPEG-7,ResNet-18,k4,trunc,3005,0.654124,0.674227,0.802598,0.500000,32
MPEG-7,ResNet-18,k5,full,3005,0.654124,0.657402,0.795671,0.500000,32
MPEG-7,ResNet-18,k5,trunc,3005,0.654124,0.657402,0.795671,0.500000,32
MPEG-7,ResNet-18,k6,full,3005,0.654124,0.635403,0.781322,0.500000,32
MPEG-7,ResNet-18,k6,trunc,3005,0.654124,0.635403,0.781322,0.500000,32
MPEG-7,ResNet-18,k8,full,3005,0.654124,0.577993,0.767067,0.250000,32
MPEG-7,ResNet-18,k8,trunc,3005,0.654124,0.574243,0.765656,0.250000,31
MPEG-7,ResNet-18,LEG,full,3005,0.654124,0.605811,0.759284,0.500000,32
MPEG-7,ResNet-18,LEG,trunc,3005,0.654124,0.613128,0.767735,0.500000,15
MPEG-7,ResNet-18,kval_le3,full,3005,0.654124,0.675010,0.802907,0.500000,k3/32
MPEG-7,ResNet-18,kval_ext,full,3005,0.654124,0.676034,0.803045,0.500000,k3.5/32
MPEG-7,ResNet-18,kval_le3,trunc,3005,0.654124,0.676791,0.804812,0.500000,k3/27
MPEG-7,ResNet-18,kval_ext,trunc,3005,0.654124,0.676791,0.804812,0.500000,k3/27
MPEG-7,ResNet-18,k2,full,3006,0.647882,0.650201,0.781282,0.500000,32
MPEG-7,ResNet-18,k2,trunc,3006,0.647882,0.661592,0.790127,0.500000,14
MPEG-7,ResNet-18,k2.5,full,3006,0.647882,0.657624,0.785907,0.500000,32
MPEG-7,ResNet-18,k2.5,trunc,3006,0.647882,0.666081,0.791139,0.500000,23
MPEG-7,ResNet-18,k3,full,3006,0.647882,0.661759,0.790322,0.500000,32
MPEG-7,ResNet-18,k3,trunc,3006,0.647882,0.663869,0.790494,0.500000,29
MPEG-7,ResNet-18,k3.5,full,3006,0.647882,0.661004,0.789953,0.500000,32
MPEG-7,ResNet-18,k3.5,trunc,3006,0.647882,0.661004,0.789953,0.500000,32
MPEG-7,ResNet-18,k4,full,3006,0.647882,0.658606,0.788781,0.500000,32
MPEG-7,ResNet-18,k4,trunc,3006,0.647882,0.658606,0.788781,0.500000,32
MPEG-7,ResNet-18,k5,full,3006,0.647882,0.646846,0.779158,0.250000,32
MPEG-7,ResNet-18,k5,trunc,3006,0.647882,0.646846,0.779158,0.250000,32
MPEG-7,ResNet-18,k6,full,3006,0.647882,0.626739,0.772761,0.250000,32
MPEG-7,ResNet-18,k6,trunc,3006,0.647882,0.626739,0.772761,0.250000,32
MPEG-7,ResNet-18,k8,full,3006,0.647882,0.575019,0.754298,0.250000,32
MPEG-7,ResNet-18,k8,trunc,3006,0.647882,0.570801,0.753919,0.250000,31
MPEG-7,ResNet-18,LEG,full,3006,0.647882,0.603866,0.746877,0.500000,32
MPEG-7,ResNet-18,LEG,trunc,3006,0.647882,0.613019,0.756744,0.500000,17
MPEG-7,ResNet-18,kval_le3,full,3006,0.647882,0.661759,0.790322,0.500000,k3/32
MPEG-7,ResNet-18,kval_ext,full,3006,0.647882,0.661004,0.789953,0.500000,k3.5/32
MPEG-7,ResNet-18,kval_le3,trunc,3006,0.647882,0.663869,0.790494,0.500000,k3/29
MPEG-7,ResNet-18,kval_ext,trunc,3006,0.647882,0.663869,0.790494,0.500000,k3/29
MPEG-7,ResNet-18,k2,full,3007,0.649208,0.660702,0.786801,0.500000,32
MPEG-7,ResNet-18,k2,trunc,3007,0.649208,0.672726,0.800411,0.500000,15
MPEG-7,ResNet-18,k2.5,full,3007,0.649208,0.664408,0.793609,0.500000,32
MPEG-7,ResNet-18,k2.5,trunc,3007,0.649208,0.669179,0.799417,0.500000,20
MPEG-7,ResNet-18,k3,full,3007,0.649208,0.668007,0.798259,0.500000,32
MPEG-7,ResNet-18,k3,trunc,3007,0.649208,0.665897,0.798255,0.500000,24
MPEG-7,ResNet-18,k3.5,full,3007,0.649208,0.668484,0.798228,0.500000,32
MPEG-7,ResNet-18,k3.5,trunc,3007,0.649208,0.668459,0.797593,0.500000,30
MPEG-7,ResNet-18,k4,full,3007,0.649208,0.664949,0.796215,0.500000,32
MPEG-7,ResNet-18,k4,trunc,3007,0.649208,0.663258,0.795449,0.500000,31
MPEG-7,ResNet-18,k5,full,3007,0.649208,0.650982,0.786633,0.250000,32
MPEG-7,ResNet-18,k5,trunc,3007,0.649208,0.650982,0.786633,0.250000,32
MPEG-7,ResNet-18,k6,full,3007,0.649208,0.628950,0.777238,0.250000,32
MPEG-7,ResNet-18,k6,trunc,3007,0.649208,0.628950,0.777238,0.250000,32
MPEG-7,ResNet-18,k8,full,3007,0.649208,0.569570,0.759684,0.250000,32
MPEG-7,ResNet-18,k8,trunc,3007,0.649208,0.569570,0.759684,0.250000,32
MPEG-7,ResNet-18,LEG,full,3007,0.649208,0.602175,0.750371,0.500000,32
MPEG-7,ResNet-18,LEG,trunc,3007,0.649208,0.607382,0.764609,0.500000,15
MPEG-7,ResNet-18,kval_le3,full,3007,0.649208,0.668007,0.798259,0.500000,k3/32
MPEG-7,ResNet-18,kval_ext,full,3007,0.649208,0.668484,0.798228,0.500000,k3.5/32
MPEG-7,ResNet-18,kval_le3,trunc,3007,0.649208,0.669179,0.799417,0.500000,k2.5/20
MPEG-7,ResNet-18,kval_ext,trunc,3007,0.649208,0.669179,0.799417,0.500000,k2.5/20
MPEG-7,ResNet-18,k2,full,3008,0.661579,0.677548,0.793331,0.500000,32
MPEG-7,ResNet-18,k2,trunc,3008,0.661579,0.685501,0.800130,0.500000,18
MPEG-7,ResNet-18,k2.5,full,3008,0.661579,0.680931,0.796807,0.500000,32
MPEG-7,ResNet-18,k2.5,trunc,3008,0.661579,0.689149,0.801096,0.500000,24
MPEG-7,ResNet-18,k3,full,3008,0.661579,0.686925,0.799962,0.500000,32
MPEG-7,ResNet-18,k3,trunc,3008,0.661579,0.688771,0.800676,0.500000,25
MPEG-7,ResNet-18,k3.5,full,3008,0.661579,0.687329,0.799669,0.500000,32
MPEG-7,ResNet-18,k3.5,trunc,3008,0.661579,0.687793,0.799454,0.500000,29
MPEG-7,ResNet-18,k4,full,3008,0.661579,0.683153,0.798544,0.500000,32
MPEG-7,ResNet-18,k4,trunc,3008,0.661579,0.683153,0.798544,0.500000,32
MPEG-7,ResNet-18,k5,full,3008,0.661579,0.664229,0.790373,0.500000,32
MPEG-7,ResNet-18,k5,trunc,3008,0.661579,0.664229,0.790373,0.500000,32
MPEG-7,ResNet-18,k6,full,3008,0.661579,0.640565,0.777412,0.500000,32
MPEG-7,ResNet-18,k6,trunc,3008,0.661579,0.640565,0.777412,0.500000,32
MPEG-7,ResNet-18,k8,full,3008,0.661579,0.581435,0.761469,0.250000,32
MPEG-7,ResNet-18,k8,trunc,3008,0.661579,0.581435,0.761469,0.250000,32
MPEG-7,ResNet-18,LEG,full,3008,0.661579,0.612417,0.760450,0.500000,32
MPEG-7,ResNet-18,LEG,trunc,3008,0.661579,0.618840,0.769661,0.500000,15
MPEG-7,ResNet-18,kval_le3,full,3008,0.661579,0.686925,0.799962,0.500000,k3/32
MPEG-7,ResNet-18,kval_ext,full,3008,0.661579,0.686925,0.799962,0.500000,k3/32
MPEG-7,ResNet-18,kval_le3,trunc,3008,0.661579,0.689149,0.801096,0.500000,k2.5/24
MPEG-7,ResNet-18,kval_ext,trunc,3008,0.661579,0.689149,0.801096,0.500000,k2.5/24
MPEG-7,ResNet-18,k2,full,3009,0.665115,0.678460,0.803986,0.500000,32
MPEG-7,ResNet-18,k2,trunc,3009,0.665115,0.681889,0.812516,0.500000,15
MPEG-7,ResNet-18,k2.5,full,3009,0.665115,0.678650,0.807529,0.500000,32
MPEG-7,ResNet-18,k2.5,trunc,3009,0.665115,0.682203,0.812426,0.500000,23
MPEG-7,ResNet-18,k3,full,3009,0.665115,0.680392,0.810083,0.500000,32
MPEG-7,ResNet-18,k3,trunc,3009,0.665115,0.683681,0.811155,0.500000,29
MPEG-7,ResNet-18,k3.5,full,3009,0.665115,0.680566,0.810293,0.500000,32
MPEG-7,ResNet-18,k3.5,trunc,3009,0.665115,0.681646,0.810775,0.500000,31
MPEG-7,ResNet-18,k4,full,3009,0.665115,0.676791,0.809764,0.500000,32
MPEG-7,ResNet-18,k4,trunc,3009,0.665115,0.676791,0.809764,0.500000,32
MPEG-7,ResNet-18,k5,full,3009,0.665115,0.662389,0.801173,0.500000,32
MPEG-7,ResNet-18,k5,trunc,3009,0.665115,0.662389,0.801173,0.500000,32
MPEG-7,ResNet-18,k6,full,3009,0.665115,0.644096,0.791297,0.250000,32
MPEG-7,ResNet-18,k6,trunc,3009,0.665115,0.644096,0.791297,0.250000,32
MPEG-7,ResNet-18,k8,full,3009,0.665115,0.589408,0.774987,0.250000,32
MPEG-7,ResNet-18,k8,trunc,3009,0.665115,0.589408,0.774987,0.250000,32
MPEG-7,ResNet-18,LEG,full,3009,0.665115,0.621155,0.766078,0.500000,32
MPEG-7,ResNet-18,LEG,trunc,3009,0.665115,0.626264,0.773469,0.500000,16
MPEG-7,ResNet-18,kval_le3,full,3009,0.665115,0.680392,0.810083,0.500000,k3/32
MPEG-7,ResNet-18,kval_ext,full,3009,0.665115,0.680566,0.810293,0.500000,k3.5/32
MPEG-7,ResNet-18,kval_le3,trunc,3009,0.665115,0.682203,0.812426,0.500000,k2.5/23
MPEG-7,ResNet-18,kval_ext,trunc,3009,0.665115,0.682203,0.812426,0.500000,k2.5/23
MPEG-7,ResNet-18,k2,full,3010,0.643295,0.671330,0.781362,0.500000,32
MPEG-7,ResNet-18,k2,trunc,3010,0.643295,0.690626,0.794918,0.500000,15
MPEG-7,ResNet-18,k2.5,full,3010,0.643295,0.678975,0.788070,0.500000,32
MPEG-7,ResNet-18,k2.5,trunc,3010,0.643295,0.691192,0.795578,0.500000,23
MPEG-7,ResNet-18,k3,full,3010,0.643295,0.688066,0.794293,0.500000,32
MPEG-7,ResNet-18,k3,trunc,3010,0.643295,0.689427,0.796211,0.500000,27
MPEG-7,ResNet-18,k3.5,full,3010,0.643295,0.688941,0.795188,0.500000,32
MPEG-7,ResNet-18,k3.5,trunc,3010,0.643295,0.689792,0.795775,0.500000,31
MPEG-7,ResNet-18,k4,full,3010,0.643295,0.688022,0.794327,0.500000,32
MPEG-7,ResNet-18,k4,trunc,3010,0.643295,0.688022,0.794327,0.500000,32
MPEG-7,ResNet-18,k5,full,3010,0.643295,0.672494,0.784486,0.500000,32
MPEG-7,ResNet-18,k5,trunc,3010,0.643295,0.672494,0.784486,0.500000,32
MPEG-7,ResNet-18,k6,full,3010,0.643295,0.655673,0.770978,0.500000,32
MPEG-7,ResNet-18,k6,trunc,3010,0.643295,0.655673,0.770978,0.500000,32
MPEG-7,ResNet-18,k8,full,3010,0.643295,0.592703,0.761665,0.250000,32
MPEG-7,ResNet-18,k8,trunc,3010,0.643295,0.590120,0.760014,0.250000,31
MPEG-7,ResNet-18,LEG,full,3010,0.643295,0.618778,0.752279,0.500000,32
MPEG-7,ResNet-18,LEG,trunc,3010,0.643295,0.625543,0.761441,0.500000,15
MPEG-7,ResNet-18,kval_le3,full,3010,0.643295,0.688066,0.794293,0.500000,k3/32
MPEG-7,ResNet-18,kval_ext,full,3010,0.643295,0.688941,0.795188,0.500000,k3.5/32
MPEG-7,ResNet-18,kval_le3,trunc,3010,0.643295,0.691192,0.795578,0.500000,k2.5/23
MPEG-7,ResNet-18,kval_ext,trunc,3010,0.643295,0.691192,0.795578,0.500000,k2.5/23
MPEG-7,ResNet-50,k2,full,3001,0.484495,0.665549,0.727825,0.250000,32
MPEG-7,ResNet-50,k2,trunc,3001,0.484495,0.677200,0.736889,0.250000,14
MPEG-7,ResNet-50,k2.5,full,3001,0.484495,0.671974,0.734782,0.250000,32
MPEG-7,ResNet-50,k2.5,trunc,3001,0.484495,0.680128,0.739748,0.250000,21
MPEG-7,ResNet-50,k3,full,3001,0.484495,0.676362,0.736636,0.250000,32
MPEG-7,ResNet-50,k3,trunc,3001,0.484495,0.678377,0.738818,0.250000,25
MPEG-7,ResNet-50,k3.5,full,3001,0.484495,0.677113,0.738502,0.250000,32
MPEG-7,ResNet-50,k3.5,trunc,3001,0.484495,0.677348,0.736828,0.250000,27
MPEG-7,ResNet-50,k4,full,3001,0.484495,0.674806,0.737281,0.250000,32
MPEG-7,ResNet-50,k4,trunc,3001,0.484495,0.675627,0.736657,0.250000,31
MPEG-7,ResNet-50,k5,full,3001,0.484495,0.657276,0.723109,0.250000,32
MPEG-7,ResNet-50,k5,trunc,3001,0.484495,0.657276,0.723109,0.250000,32
MPEG-7,ResNet-50,k6,full,3001,0.484495,0.631502,0.705218,0.250000,32
MPEG-7,ResNet-50,k6,trunc,3001,0.484495,0.631502,0.705218,0.250000,32
MPEG-7,ResNet-50,k8,full,3001,0.484495,0.577943,0.661162,0.250000,32
MPEG-7,ResNet-50,k8,trunc,3001,0.484495,0.577943,0.661162,0.250000,32
MPEG-7,ResNet-50,LEG,full,3001,0.484495,0.611042,0.683895,0.250000,32
MPEG-7,ResNet-50,LEG,trunc,3001,0.484495,0.613703,0.688924,0.250000,17
MPEG-7,ResNet-50,kval_le3,full,3001,0.484495,0.676362,0.736636,0.250000,k3/32
MPEG-7,ResNet-50,kval_ext,full,3001,0.484495,0.674806,0.737281,0.250000,k4/32
MPEG-7,ResNet-50,kval_le3,trunc,3001,0.484495,0.677200,0.736889,0.250000,k2/14
MPEG-7,ResNet-50,kval_ext,trunc,3001,0.484495,0.677200,0.736889,0.250000,k2/14
MPEG-7,ResNet-50,k2,full,3002,0.477439,0.665262,0.724862,0.250000,32
MPEG-7,ResNet-50,k2,trunc,3002,0.477439,0.674532,0.734091,0.250000,15
MPEG-7,ResNet-50,k2.5,full,3002,0.477439,0.668160,0.726870,0.250000,32
MPEG-7,ResNet-50,k2.5,trunc,3002,0.477439,0.674526,0.733069,0.250000,21
MPEG-7,ResNet-50,k3,full,3002,0.477439,0.672864,0.729756,0.250000,32
MPEG-7,ResNet-50,k3,trunc,3002,0.477439,0.673300,0.731423,0.250000,25
MPEG-7,ResNet-50,k3.5,full,3002,0.477439,0.672979,0.730436,0.250000,32
MPEG-7,ResNet-50,k3.5,trunc,3002,0.477439,0.674249,0.731498,0.250000,31
MPEG-7,ResNet-50,k4,full,3002,0.477439,0.669468,0.729282,0.250000,32
MPEG-7,ResNet-50,k4,trunc,3002,0.477439,0.669468,0.729282,0.250000,32
MPEG-7,ResNet-50,k5,full,3002,0.477439,0.654391,0.715843,0.250000,32
MPEG-7,ResNet-50,k5,trunc,3002,0.477439,0.654391,0.715843,0.250000,32
MPEG-7,ResNet-50,k6,full,3002,0.477439,0.636620,0.701486,0.250000,32
MPEG-7,ResNet-50,k6,trunc,3002,0.477439,0.636620,0.701486,0.250000,32
MPEG-7,ResNet-50,k8,full,3002,0.477439,0.581196,0.664892,0.250000,32
MPEG-7,ResNet-50,k8,trunc,3002,0.477439,0.581196,0.664892,0.250000,32
MPEG-7,ResNet-50,LEG,full,3002,0.477439,0.608485,0.683687,0.250000,32
MPEG-7,ResNet-50,LEG,trunc,3002,0.477439,0.616581,0.691449,0.250000,13
MPEG-7,ResNet-50,kval_le3,full,3002,0.477439,0.672864,0.729756,0.250000,k3/32
MPEG-7,ResNet-50,kval_ext,full,3002,0.477439,0.672979,0.730436,0.250000,k3.5/32
MPEG-7,ResNet-50,kval_le3,trunc,3002,0.477439,0.674526,0.733069,0.250000,k2.5/21
MPEG-7,ResNet-50,kval_ext,trunc,3002,0.477439,0.674526,0.733069,0.250000,k2.5/21
MPEG-7,ResNet-50,k2,full,3003,0.468603,0.665083,0.719634,0.250000,32
MPEG-7,ResNet-50,k2,trunc,3003,0.468603,0.671272,0.722984,0.250000,20
MPEG-7,ResNet-50,k2.5,full,3003,0.468603,0.673560,0.722390,0.250000,32
MPEG-7,ResNet-50,k2.5,trunc,3003,0.468603,0.676051,0.724573,0.250000,29
MPEG-7,ResNet-50,k3,full,3003,0.468603,0.677122,0.725453,0.250000,32
MPEG-7,ResNet-50,k3,trunc,3003,0.468603,0.677122,0.725453,0.250000,32
MPEG-7,ResNet-50,k3.5,full,3003,0.468603,0.680131,0.725111,0.250000,32
MPEG-7,ResNet-50,k3.5,trunc,3003,0.468603,0.681209,0.727085,0.250000,31
MPEG-7,ResNet-50,k4,full,3003,0.468603,0.676839,0.724802,0.250000,32
MPEG-7,ResNet-50,k4,trunc,3003,0.468603,0.676839,0.724802,0.250000,32
MPEG-7,ResNet-50,k5,full,3003,0.468603,0.656823,0.710722,0.250000,32
MPEG-7,ResNet-50,k5,trunc,3003,0.468603,0.656823,0.710722,0.250000,32
MPEG-7,ResNet-50,k6,full,3003,0.468603,0.636213,0.693690,0.250000,32
MPEG-7,ResNet-50,k6,trunc,3003,0.468603,0.636213,0.693690,0.250000,32
MPEG-7,ResNet-50,k8,full,3003,0.468603,0.579965,0.652278,0.250000,32
MPEG-7,ResNet-50,k8,trunc,3003,0.468603,0.579965,0.652278,0.250000,32
MPEG-7,ResNet-50,LEG,full,3003,0.468603,0.611803,0.682401,0.250000,32
MPEG-7,ResNet-50,LEG,trunc,3003,0.468603,0.620227,0.689595,0.250000,16
MPEG-7,ResNet-50,kval_le3,full,3003,0.468603,0.677122,0.725453,0.250000,k3/32
MPEG-7,ResNet-50,kval_ext,full,3003,0.468603,0.677122,0.725453,0.250000,k3/32
MPEG-7,ResNet-50,kval_le3,trunc,3003,0.468603,0.676051,0.724573,0.250000,k2.5/29
MPEG-7,ResNet-50,kval_ext,trunc,3003,0.468603,0.676051,0.724573,0.250000,k2.5/29
MPEG-7,ResNet-50,k2,full,3004,0.478810,0.672202,0.728694,0.250000,32
MPEG-7,ResNet-50,k2,trunc,3004,0.478810,0.681365,0.734293,0.250000,15
MPEG-7,ResNet-50,k2.5,full,3004,0.478810,0.678793,0.732941,0.250000,32
MPEG-7,ResNet-50,k2.5,trunc,3004,0.478810,0.683795,0.735571,0.250000,21
MPEG-7,ResNet-50,k3,full,3004,0.478810,0.680921,0.734302,0.250000,32
MPEG-7,ResNet-50,k3,trunc,3004,0.478810,0.682702,0.734129,0.250000,29
MPEG-7,ResNet-50,k3.5,full,3004,0.478810,0.681848,0.733338,0.250000,32
MPEG-7,ResNet-50,k3.5,trunc,3004,0.478810,0.682203,0.733644,0.250000,31
MPEG-7,ResNet-50,k4,full,3004,0.478810,0.680148,0.731945,0.250000,32
MPEG-7,ResNet-50,k4,trunc,3004,0.478810,0.680148,0.731945,0.250000,32
MPEG-7,ResNet-50,k5,full,3004,0.478810,0.666939,0.718133,0.250000,32
MPEG-7,ResNet-50,k5,trunc,3004,0.478810,0.666939,0.718133,0.250000,32
MPEG-7,ResNet-50,k6,full,3004,0.478810,0.648146,0.704490,0.250000,32
MPEG-7,ResNet-50,k6,trunc,3004,0.478810,0.648146,0.704490,0.250000,32
MPEG-7,ResNet-50,k8,full,3004,0.478810,0.594931,0.663384,0.250000,32
MPEG-7,ResNet-50,k8,trunc,3004,0.478810,0.594931,0.663384,0.250000,32
MPEG-7,ResNet-50,LEG,full,3004,0.478810,0.611645,0.687289,0.250000,32
MPEG-7,ResNet-50,LEG,trunc,3004,0.478810,0.618339,0.694135,0.250000,17
MPEG-7,ResNet-50,kval_le3,full,3004,0.478810,0.680921,0.734302,0.250000,k3/32
MPEG-7,ResNet-50,kval_ext,full,3004,0.478810,0.680921,0.734302,0.250000,k3/32
MPEG-7,ResNet-50,kval_le3,trunc,3004,0.478810,0.681365,0.734293,0.250000,k2/15
MPEG-7,ResNet-50,kval_ext,trunc,3004,0.478810,0.681365,0.734293,0.250000,k2/15
MPEG-7,ResNet-50,k2,full,3005,0.471847,0.664201,0.725052,0.250000,32
MPEG-7,ResNet-50,k2,trunc,3005,0.471847,0.675933,0.735449,0.250000,15
MPEG-7,ResNet-50,k2.5,full,3005,0.471847,0.672820,0.729878,0.250000,32
MPEG-7,ResNet-50,k2.5,trunc,3005,0.471847,0.679740,0.735532,0.250000,21
MPEG-7,ResNet-50,k3,full,3005,0.471847,0.675010,0.732191,0.250000,32
MPEG-7,ResNet-50,k3,trunc,3005,0.471847,0.676791,0.733676,0.250000,27
MPEG-7,ResNet-50,k3.5,full,3005,0.471847,0.676034,0.733575,0.250000,32
MPEG-7,ResNet-50,k3.5,trunc,3005,0.471847,0.676894,0.734757,0.250000,31
MPEG-7,ResNet-50,k4,full,3005,0.471847,0.674227,0.734012,0.250000,32
MPEG-7,ResNet-50,k4,trunc,3005,0.471847,0.674227,0.734012,0.250000,32
MPEG-7,ResNet-50,k5,full,3005,0.471847,0.657402,0.723572,0.250000,32
MPEG-7,ResNet-50,k5,trunc,3005,0.471847,0.657402,0.723572,0.250000,32
MPEG-7,ResNet-50,k6,full,3005,0.471847,0.635403,0.705786,0.250000,32
MPEG-7,ResNet-50,k6,trunc,3005,0.471847,0.635403,0.705786,0.250000,32
MPEG-7,ResNet-50,k8,full,3005,0.471847,0.577993,0.660488,0.250000,32
MPEG-7,ResNet-50,k8,trunc,3005,0.471847,0.577993,0.660488,0.250000,32
MPEG-7,ResNet-50,LEG,full,3005,0.471847,0.605811,0.679081,0.250000,32
MPEG-7,ResNet-50,LEG,trunc,3005,0.471847,0.613128,0.687424,0.250000,15
MPEG-7,ResNet-50,kval_le3,full,3005,0.471847,0.675010,0.732191,0.250000,k3/32
MPEG-7,ResNet-50,kval_ext,full,3005,0.471847,0.676034,0.733575,0.250000,k3.5/32
MPEG-7,ResNet-50,kval_le3,trunc,3005,0.471847,0.679740,0.735532,0.250000,k2.5/21
MPEG-7,ResNet-50,kval_ext,trunc,3005,0.471847,0.679740,0.735532,0.250000,k2.5/21
MPEG-7,ResNet-50,k2,full,3006,0.460671,0.650201,0.717783,0.250000,32
MPEG-7,ResNet-50,k2,trunc,3006,0.460671,0.661592,0.728897,0.250000,14
MPEG-7,ResNet-50,k2.5,full,3006,0.460671,0.657624,0.724577,0.250000,32
MPEG-7,ResNet-50,k2.5,trunc,3006,0.460671,0.666410,0.729831,0.250000,21
MPEG-7,ResNet-50,k3,full,3006,0.460671,0.661759,0.727012,0.250000,32
MPEG-7,ResNet-50,k3,trunc,3006,0.460671,0.663640,0.728546,0.250000,27
MPEG-7,ResNet-50,k3.5,full,3006,0.460671,0.661004,0.726330,0.250000,32
MPEG-7,ResNet-50,k3.5,trunc,3006,0.460671,0.662311,0.727228,0.250000,31
MPEG-7,ResNet-50,k4,full,3006,0.460671,0.658606,0.723928,0.250000,32
MPEG-7,ResNet-50,k4,trunc,3006,0.460671,0.658606,0.723928,0.250000,32
MPEG-7,ResNet-50,k5,full,3006,0.460671,0.646846,0.712515,0.250000,32
MPEG-7,ResNet-50,k5,trunc,3006,0.460671,0.646846,0.712515,0.250000,32
MPEG-7,ResNet-50,k6,full,3006,0.460671,0.626739,0.695592,0.250000,32
MPEG-7,ResNet-50,k6,trunc,3006,0.460671,0.626739,0.695592,0.250000,32
MPEG-7,ResNet-50,k8,full,3006,0.460671,0.575019,0.650926,0.250000,32
MPEG-7,ResNet-50,k8,trunc,3006,0.460671,0.575019,0.650926,0.250000,32
MPEG-7,ResNet-50,LEG,full,3006,0.460671,0.603866,0.675747,0.250000,32
MPEG-7,ResNet-50,LEG,trunc,3006,0.460671,0.613019,0.685592,0.250000,17
MPEG-7,ResNet-50,kval_le3,full,3006,0.460671,0.661759,0.727012,0.250000,k3/32
MPEG-7,ResNet-50,kval_ext,full,3006,0.460671,0.661004,0.726330,0.250000,k3.5/32
MPEG-7,ResNet-50,kval_le3,trunc,3006,0.460671,0.661592,0.728897,0.250000,k2/14
MPEG-7,ResNet-50,kval_ext,trunc,3006,0.460671,0.661592,0.728897,0.250000,k2/14
MPEG-7,ResNet-50,k2,full,3007,0.485855,0.660702,0.720138,0.250000,32
MPEG-7,ResNet-50,k2,trunc,3007,0.485855,0.672479,0.732550,0.250000,14
MPEG-7,ResNet-50,k2.5,full,3007,0.485855,0.664408,0.725427,0.250000,32
MPEG-7,ResNet-50,k2.5,trunc,3007,0.485855,0.670811,0.731377,0.250000,21
MPEG-7,ResNet-50,k3,full,3007,0.485855,0.668007,0.727512,0.250000,32
MPEG-7,ResNet-50,k3,trunc,3007,0.485855,0.667278,0.728460,0.250000,25
MPEG-7,ResNet-50,k3.5,full,3007,0.485855,0.668484,0.728804,0.250000,32
MPEG-7,ResNet-50,k3.5,trunc,3007,0.485855,0.668969,0.729094,0.250000,31
MPEG-7,ResNet-50,k4,full,3007,0.485855,0.664949,0.726817,0.250000,32
MPEG-7,ResNet-50,k4,trunc,3007,0.485855,0.663258,0.725644,0.250000,31
MPEG-7,ResNet-50,k5,full,3007,0.485855,0.650982,0.716393,0.250000,32
MPEG-7,ResNet-50,k5,trunc,3007,0.485855,0.650982,0.716393,0.250000,32
MPEG-7,ResNet-50,k6,full,3007,0.485855,0.628950,0.702058,0.250000,32
MPEG-7,ResNet-50,k6,trunc,3007,0.485855,0.628950,0.702058,0.250000,32
MPEG-7,ResNet-50,k8,full,3007,0.485855,0.569570,0.657766,0.250000,32
MPEG-7,ResNet-50,k8,trunc,3007,0.485855,0.569570,0.657766,0.250000,32
MPEG-7,ResNet-50,LEG,full,3007,0.485855,0.602175,0.675689,0.250000,32
MPEG-7,ResNet-50,LEG,trunc,3007,0.485855,0.608365,0.683476,0.250000,13
MPEG-7,ResNet-50,kval_le3,full,3007,0.485855,0.668007,0.727512,0.250000,k3/32
MPEG-7,ResNet-50,kval_ext,full,3007,0.485855,0.668484,0.728804,0.250000,k3.5/32
MPEG-7,ResNet-50,kval_le3,trunc,3007,0.485855,0.670811,0.731377,0.250000,k2.5/21
MPEG-7,ResNet-50,kval_ext,trunc,3007,0.485855,0.670811,0.731377,0.250000,k2.5/21
MPEG-7,ResNet-50,k2,full,3008,0.469402,0.677548,0.728260,0.250000,32
MPEG-7,ResNet-50,k2,trunc,3008,0.469402,0.690151,0.739328,0.250000,15
MPEG-7,ResNet-50,k2.5,full,3008,0.469402,0.680931,0.730219,0.250000,32
MPEG-7,ResNet-50,k2.5,trunc,3008,0.469402,0.689846,0.736720,0.250000,20
MPEG-7,ResNet-50,k3,full,3008,0.469402,0.686925,0.733268,0.250000,32
MPEG-7,ResNet-50,k3,trunc,3008,0.469402,0.688771,0.735306,0.250000,25
MPEG-7,ResNet-50,k3.5,full,3008,0.469402,0.687329,0.734727,0.250000,32
MPEG-7,ResNet-50,k3.5,trunc,3008,0.469402,0.688700,0.734923,0.250000,31
MPEG-7,ResNet-50,k4,full,3008,0.469402,0.683153,0.733653,0.250000,32
MPEG-7,ResNet-50,k4,trunc,3008,0.469402,0.683153,0.733653,0.250000,32
MPEG-7,ResNet-50,k5,full,3008,0.469402,0.664229,0.720855,0.250000,32
MPEG-7,ResNet-50,k5,trunc,3008,0.469402,0.664229,0.720855,0.250000,32
MPEG-7,ResNet-50,k6,full,3008,0.469402,0.640565,0.701602,0.250000,32
MPEG-7,ResNet-50,k6,trunc,3008,0.469402,0.640565,0.701602,0.250000,32
MPEG-7,ResNet-50,k8,full,3008,0.469402,0.581435,0.654882,0.250000,32
MPEG-7,ResNet-50,k8,trunc,3008,0.469402,0.581435,0.654882,0.250000,32
MPEG-7,ResNet-50,LEG,full,3008,0.469402,0.612417,0.684067,0.250000,32
MPEG-7,ResNet-50,LEG,trunc,3008,0.469402,0.619119,0.695213,0.250000,16
MPEG-7,ResNet-50,kval_le3,full,3008,0.469402,0.686925,0.733268,0.250000,k3/32
MPEG-7,ResNet-50,kval_ext,full,3008,0.469402,0.683153,0.733653,0.250000,k4/32
MPEG-7,ResNet-50,kval_le3,trunc,3008,0.469402,0.690151,0.739328,0.250000,k2/15
MPEG-7,ResNet-50,kval_ext,trunc,3008,0.469402,0.690151,0.739328,0.250000,k2/15
MPEG-7,ResNet-50,k2,full,3009,0.478358,0.678460,0.735773,0.250000,32
MPEG-7,ResNet-50,k2,trunc,3009,0.478358,0.678822,0.744981,0.250000,13
MPEG-7,ResNet-50,k2.5,full,3009,0.478358,0.678650,0.740070,0.250000,32
MPEG-7,ResNet-50,k2.5,trunc,3009,0.478358,0.679945,0.745832,0.250000,19
MPEG-7,ResNet-50,k3,full,3009,0.478358,0.680392,0.743002,0.250000,32
MPEG-7,ResNet-50,k3,trunc,3009,0.478358,0.679561,0.742325,0.250000,23
MPEG-7,ResNet-50,k3.5,full,3009,0.478358,0.680566,0.742222,0.250000,32
MPEG-7,ResNet-50,k3.5,trunc,3009,0.478358,0.677660,0.741568,0.250000,27
MPEG-7,ResNet-50,k4,full,3009,0.478358,0.676791,0.739978,0.250000,32
MPEG-7,ResNet-50,k4,trunc,3009,0.478358,0.676839,0.741130,0.250000,31
MPEG-7,ResNet-50,k5,full,3009,0.478358,0.662389,0.726892,0.250000,32
MPEG-7,ResNet-50,k5,trunc,3009,0.478358,0.662389,0.726892,0.250000,32
MPEG-7,ResNet-50,k6,full,3009,0.478358,0.644096,0.710207,0.250000,32
MPEG-7,ResNet-50,k6,trunc,3009,0.478358,0.644096,0.710207,0.250000,32
MPEG-7,ResNet-50,k8,full,3009,0.478358,0.589408,0.666167,0.250000,32
MPEG-7,ResNet-50,k8,trunc,3009,0.478358,0.589408,0.666167,0.250000,32
MPEG-7,ResNet-50,LEG,full,3009,0.478358,0.621155,0.695202,0.250000,32
MPEG-7,ResNet-50,LEG,trunc,3009,0.478358,0.622990,0.703863,0.250000,13
MPEG-7,ResNet-50,kval_le3,full,3009,0.478358,0.680392,0.743002,0.250000,k3/32
MPEG-7,ResNet-50,kval_ext,full,3009,0.478358,0.676791,0.739978,0.250000,k4/32
MPEG-7,ResNet-50,kval_le3,trunc,3009,0.478358,0.678822,0.744981,0.250000,k2/13
MPEG-7,ResNet-50,kval_ext,trunc,3009,0.478358,0.678822,0.744981,0.250000,k2/13
MPEG-7,ResNet-50,k2,full,3010,0.478077,0.671330,0.729605,0.250000,32
MPEG-7,ResNet-50,k2,trunc,3010,0.478077,0.689325,0.744629,0.250000,14
MPEG-7,ResNet-50,k2.5,full,3010,0.478077,0.678975,0.736099,0.250000,32
MPEG-7,ResNet-50,k2.5,trunc,3010,0.478077,0.692206,0.745876,0.250000,21
MPEG-7,ResNet-50,k3,full,3010,0.478077,0.688066,0.742214,0.250000,32
MPEG-7,ResNet-50,k3,trunc,3010,0.478077,0.689427,0.744306,0.250000,27
MPEG-7,ResNet-50,k3.5,full,3010,0.478077,0.688941,0.743985,0.250000,32
MPEG-7,ResNet-50,k3.5,trunc,3010,0.478077,0.689792,0.745648,0.250000,31
MPEG-7,ResNet-50,k4,full,3010,0.478077,0.688022,0.744716,0.250000,32
MPEG-7,ResNet-50,k4,trunc,3010,0.478077,0.688022,0.744716,0.250000,32
MPEG-7,ResNet-50,k5,full,3010,0.478077,0.672494,0.731372,0.250000,32
MPEG-7,ResNet-50,k5,trunc,3010,0.478077,0.672494,0.731372,0.250000,32
MPEG-7,ResNet-50,k6,full,3010,0.478077,0.655673,0.715275,0.250000,32
MPEG-7,ResNet-50,k6,trunc,3010,0.478077,0.655673,0.715275,0.250000,32
MPEG-7,ResNet-50,k8,full,3010,0.478077,0.592703,0.668084,0.250000,32
MPEG-7,ResNet-50,k8,trunc,3010,0.478077,0.592703,0.668084,0.250000,32
MPEG-7,ResNet-50,LEG,full,3010,0.478077,0.618778,0.691527,0.250000,32
MPEG-7,ResNet-50,LEG,trunc,3010,0.478077,0.625451,0.699357,0.250000,16
MPEG-7,ResNet-50,kval_le3,full,3010,0.478077,0.688066,0.742214,0.250000,k3/32
MPEG-7,ResNet-50,kval_ext,full,3010,0.478077,0.688941,0.743985,0.250000,k3.5/32
MPEG-7,ResNet-50,kval_le3,trunc,3010,0.478077,0.692206,0.745876,0.250000,k2.5/21
MPEG-7,ResNet-50,kval_ext,trunc,3010,0.478077,0.692206,0.745876,0.250000,k2.5/21
MPEG-7,EfficientNet-B0,k2,full,3001,0.666344,0.665549,0.800363,0.250000,32
MPEG-7,EfficientNet-B0,k2,trunc,3001,0.666344,0.677200,0.811872,0.250000,14
MPEG-7,EfficientNet-B0,k2.5,full,3001,0.666344,0.671974,0.806340,0.250000,32
MPEG-7,EfficientNet-B0,k2.5,trunc,3001,0.666344,0.676316,0.810222,0.250000,26
MPEG-7,EfficientNet-B0,k3,full,3001,0.666344,0.676362,0.809712,0.250000,32
MPEG-7,EfficientNet-B0,k3,trunc,3001,0.666344,0.677440,0.810702,0.250000,30
MPEG-7,EfficientNet-B0,k3.5,full,3001,0.666344,0.677113,0.810144,0.250000,32
MPEG-7,EfficientNet-B0,k3.5,trunc,3001,0.666344,0.677348,0.810942,0.250000,27
MPEG-7,EfficientNet-B0,k4,full,3001,0.666344,0.674806,0.810086,0.250000,32
MPEG-7,EfficientNet-B0,k4,trunc,3001,0.666344,0.674806,0.810086,0.250000,32
MPEG-7,EfficientNet-B0,k5,full,3001,0.666344,0.657276,0.802866,0.250000,32
MPEG-7,EfficientNet-B0,k5,trunc,3001,0.666344,0.657276,0.802866,0.250000,32
MPEG-7,EfficientNet-B0,k6,full,3001,0.666344,0.631502,0.790276,0.250000,32
MPEG-7,EfficientNet-B0,k6,trunc,3001,0.666344,0.631502,0.790276,0.250000,32
MPEG-7,EfficientNet-B0,k8,full,3001,0.666344,0.577943,0.757831,0.250000,32
MPEG-7,EfficientNet-B0,k8,trunc,3001,0.666344,0.577943,0.757831,0.250000,32
MPEG-7,EfficientNet-B0,LEG,full,3001,0.666344,0.611042,0.759704,0.250000,32
MPEG-7,EfficientNet-B0,LEG,trunc,3001,0.666344,0.613058,0.765519,0.250000,13
MPEG-7,EfficientNet-B0,kval_le3,full,3001,0.666344,0.676362,0.809712,0.250000,k3/32
MPEG-7,EfficientNet-B0,kval_ext,full,3001,0.666344,0.676362,0.809712,0.250000,k3/32
MPEG-7,EfficientNet-B0,kval_le3,trunc,3001,0.666344,0.676316,0.810222,0.250000,k2.5/26
MPEG-7,EfficientNet-B0,kval_ext,trunc,3001,0.666344,0.676316,0.810222,0.250000,k2.5/26
MPEG-7,EfficientNet-B0,k2,full,3002,0.661288,0.665262,0.795697,0.250000,32
MPEG-7,EfficientNet-B0,k2,trunc,3002,0.661288,0.673575,0.801678,0.250000,14
MPEG-7,EfficientNet-B0,k2.5,full,3002,0.661288,0.668160,0.797398,0.250000,32
MPEG-7,EfficientNet-B0,k2.5,trunc,3002,0.661288,0.672604,0.802158,0.250000,22
MPEG-7,EfficientNet-B0,k3,full,3002,0.661288,0.672864,0.800517,0.250000,32
MPEG-7,EfficientNet-B0,k3,trunc,3002,0.661288,0.674977,0.801555,0.250000,27
MPEG-7,EfficientNet-B0,k3.5,full,3002,0.661288,0.672979,0.800497,0.250000,32
MPEG-7,EfficientNet-B0,k3.5,trunc,3002,0.661288,0.672979,0.800497,0.250000,32
MPEG-7,EfficientNet-B0,k4,full,3002,0.661288,0.669468,0.799864,0.250000,32
MPEG-7,EfficientNet-B0,k4,trunc,3002,0.661288,0.669468,0.799864,0.250000,32
MPEG-7,EfficientNet-B0,k5,full,3002,0.661288,0.654391,0.792870,0.250000,32
MPEG-7,EfficientNet-B0,k5,trunc,3002,0.661288,0.654391,0.792870,0.250000,32
MPEG-7,EfficientNet-B0,k6,full,3002,0.661288,0.636620,0.782022,0.250000,32
MPEG-7,EfficientNet-B0,k6,trunc,3002,0.661288,0.636620,0.782022,0.250000,32
MPEG-7,EfficientNet-B0,k8,full,3002,0.661288,0.581196,0.753953,0.250000,32
MPEG-7,EfficientNet-B0,k8,trunc,3002,0.661288,0.581196,0.753953,0.250000,32
MPEG-7,EfficientNet-B0,LEG,full,3002,0.661288,0.608485,0.756829,0.250000,32
MPEG-7,EfficientNet-B0,LEG,trunc,3002,0.661288,0.614008,0.766167,0.250000,15
MPEG-7,EfficientNet-B0,kval_le3,full,3002,0.661288,0.672864,0.800517,0.250000,k3/32
MPEG-7,EfficientNet-B0,kval_ext,full,3002,0.661288,0.672979,0.800497,0.250000,k3.5/32
MPEG-7,EfficientNet-B0,kval_le3,trunc,3002,0.661288,0.672604,0.802158,0.250000,k2.5/22
MPEG-7,EfficientNet-B0,kval_ext,trunc,3002,0.661288,0.672604,0.802158,0.250000,k2.5/22
MPEG-7,EfficientNet-B0,k2,full,3003,0.661553,0.665083,0.793790,0.250000,32
MPEG-7,EfficientNet-B0,k2,trunc,3003,0.661553,0.673554,0.799861,0.250000,18
MPEG-7,EfficientNet-B0,k2.5,full,3003,0.661553,0.673560,0.796610,0.250000,32
MPEG-7,EfficientNet-B0,k2.5,trunc,3003,0.661553,0.678908,0.801183,0.250000,24
MPEG-7,EfficientNet-B0,k3,full,3003,0.661553,0.677122,0.800522,0.250000,32
MPEG-7,EfficientNet-B0,k3,trunc,3003,0.661553,0.678903,0.801653,0.250000,30
MPEG-7,EfficientNet-B0,k3.5,full,3003,0.661553,0.680131,0.801823,0.250000,32
MPEG-7,EfficientNet-B0,k3.5,trunc,3003,0.661553,0.681209,0.802023,0.250000,31
MPEG-7,EfficientNet-B0,k4,full,3003,0.661553,0.676839,0.800188,0.250000,32
MPEG-7,EfficientNet-B0,k4,trunc,3003,0.661553,0.675674,0.798720,0.250000,30
MPEG-7,EfficientNet-B0,k5,full,3003,0.661553,0.656823,0.791188,0.250000,32
MPEG-7,EfficientNet-B0,k5,trunc,3003,0.661553,0.656823,0.791188,0.250000,32
MPEG-7,EfficientNet-B0,k6,full,3003,0.661553,0.636213,0.779956,0.250000,32
MPEG-7,EfficientNet-B0,k6,trunc,3003,0.661553,0.636213,0.779956,0.250000,32
MPEG-7,EfficientNet-B0,k8,full,3003,0.661553,0.579965,0.750932,0.250000,32
MPEG-7,EfficientNet-B0,k8,trunc,3003,0.661553,0.579965,0.750932,0.250000,32
MPEG-7,EfficientNet-B0,LEG,full,3003,0.661553,0.611803,0.760406,0.250000,32
MPEG-7,EfficientNet-B0,LEG,trunc,3003,0.661553,0.620137,0.764667,0.250000,17
MPEG-7,EfficientNet-B0,kval_le3,full,3003,0.661553,0.677122,0.800522,0.250000,k3/32
MPEG-7,EfficientNet-B0,kval_ext,full,3003,0.661553,0.677122,0.800522,0.250000,k3/32
MPEG-7,EfficientNet-B0,kval_le3,trunc,3003,0.661553,0.678908,0.801183,0.250000,k2.5/24
MPEG-7,EfficientNet-B0,kval_ext,trunc,3003,0.661553,0.678908,0.801183,0.250000,k2.5/24
MPEG-7,EfficientNet-B0,k2,full,3004,0.676123,0.672202,0.804102,0.250000,32
MPEG-7,EfficientNet-B0,k2,trunc,3004,0.676123,0.680036,0.809952,0.250000,14
MPEG-7,EfficientNet-B0,k2.5,full,3004,0.676123,0.678793,0.809827,0.250000,32
MPEG-7,EfficientNet-B0,k2.5,trunc,3004,0.676123,0.682728,0.809772,0.250000,19
MPEG-7,EfficientNet-B0,k3,full,3004,0.676123,0.680921,0.811758,0.250000,32
MPEG-7,EfficientNet-B0,k3,trunc,3004,0.676123,0.681941,0.808883,0.250000,23
MPEG-7,EfficientNet-B0,k3.5,full,3004,0.676123,0.681848,0.811149,0.250000,32
MPEG-7,EfficientNet-B0,k3.5,trunc,3004,0.676123,0.681962,0.809685,0.250000,29
MPEG-7,EfficientNet-B0,k4,full,3004,0.676123,0.680148,0.808639,0.250000,32
MPEG-7,EfficientNet-B0,k4,trunc,3004,0.676123,0.680655,0.807774,0.250000,31
MPEG-7,EfficientNet-B0,k5,full,3004,0.676123,0.666939,0.800101,0.250000,32
MPEG-7,EfficientNet-B0,k5,trunc,3004,0.676123,0.666939,0.800101,0.250000,32
MPEG-7,EfficientNet-B0,k6,full,3004,0.676123,0.648146,0.788427,0.250000,32
MPEG-7,EfficientNet-B0,k6,trunc,3004,0.676123,0.648146,0.788427,0.250000,32
MPEG-7,EfficientNet-B0,k8,full,3004,0.676123,0.594931,0.762618,0.250000,32
MPEG-7,EfficientNet-B0,k8,trunc,3004,0.676123,0.594931,0.762618,0.250000,32
MPEG-7,EfficientNet-B0,LEG,full,3004,0.676123,0.611645,0.768246,0.250000,32
MPEG-7,EfficientNet-B0,LEG,trunc,3004,0.676123,0.618662,0.772505,0.250000,16
MPEG-7,EfficientNet-B0,kval_le3,full,3004,0.676123,0.680921,0.811758,0.250000,k3/32
MPEG-7,EfficientNet-B0,kval_ext,full,3004,0.676123,0.680148,0.808639,0.250000,k4/32
MPEG-7,EfficientNet-B0,kval_le3,trunc,3004,0.676123,0.682728,0.809772,0.250000,k2.5/19
MPEG-7,EfficientNet-B0,kval_ext,trunc,3004,0.676123,0.682728,0.809772,0.250000,k2.5/19
MPEG-7,EfficientNet-B0,k2,full,3005,0.672279,0.664201,0.797044,0.250000,32
MPEG-7,EfficientNet-B0,k2,trunc,3005,0.672279,0.675933,0.808620,0.250000,15
MPEG-7,EfficientNet-B0,k2.5,full,3005,0.672279,0.672820,0.801600,0.250000,32
MPEG-7,EfficientNet-B0,k2.5,trunc,3005,0.672279,0.679740,0.808365,0.250000,21
MPEG-7,EfficientNet-B0,k3,full,3005,0.672279,0.675010,0.805018,0.250000,32
MPEG-7,EfficientNet-B0,k3,trunc,3005,0.672279,0.676654,0.807697,0.250000,25
MPEG-7,EfficientNet-B0,k3.5,full,3005,0.672279,0.676034,0.806695,0.250000,32
MPEG-7,EfficientNet-B0,k3.5,trunc,3005,0.672279,0.676539,0.806929,0.250000,29
MPEG-7,EfficientNet-B0,k4,full,3005,0.672279,0.674227,0.807241,0.250000,32
MPEG-7,EfficientNet-B0,k4,trunc,3005,0.672279,0.674227,0.807241,0.250000,32
MPEG-7,EfficientNet-B0,k5,full,3005,0.672279,0.657402,0.801189,0.250000,32
MPEG-7,EfficientNet-B0,k5,trunc,3005,0.672279,0.657402,0.801189,0.250000,32
MPEG-7,EfficientNet-B0,k6,full,3005,0.672279,0.635403,0.786750,0.250000,32
MPEG-7,EfficientNet-B0,k6,trunc,3005,0.672279,0.635403,0.786750,0.250000,32
MPEG-7,EfficientNet-B0,k8,full,3005,0.672279,0.577993,0.758868,0.250000,32
MPEG-7,EfficientNet-B0,k8,trunc,3005,0.672279,0.577993,0.758868,0.250000,32
MPEG-7,EfficientNet-B0,LEG,full,3005,0.672279,0.605811,0.761615,0.250000,32
MPEG-7,EfficientNet-B0,LEG,trunc,3005,0.672279,0.613128,0.768014,0.250000,15
MPEG-7,EfficientNet-B0,kval_le3,full,3005,0.672279,0.675010,0.805018,0.250000,k3/32
MPEG-7,EfficientNet-B0,kval_ext,full,3005,0.672279,0.675010,0.805018,0.250000,k3/32
MPEG-7,EfficientNet-B0,kval_le3,trunc,3005,0.672279,0.679740,0.808365,0.250000,k2.5/21
MPEG-7,EfficientNet-B0,kval_ext,trunc,3005,0.672279,0.679740,0.808365,0.250000,k2.5/21
MPEG-7,EfficientNet-B0,k2,full,3006,0.660396,0.650201,0.785808,0.250000,32
MPEG-7,EfficientNet-B0,k2,trunc,3006,0.660396,0.661592,0.794450,0.250000,14
MPEG-7,EfficientNet-B0,k2.5,full,3006,0.660396,0.657624,0.789904,0.250000,32
MPEG-7,EfficientNet-B0,k2.5,trunc,3006,0.660396,0.666410,0.794860,0.250000,21
MPEG-7,EfficientNet-B0,k3,full,3006,0.660396,0.661759,0.792932,0.250000,32
MPEG-7,EfficientNet-B0,k3,trunc,3006,0.660396,0.662190,0.794161,0.250000,28
MPEG-7,EfficientNet-B0,k3.5,full,3006,0.660396,0.661004,0.793683,0.250000,32
MPEG-7,EfficientNet-B0,k3.5,trunc,3006,0.660396,0.661004,0.793683,0.250000,32
MPEG-7,EfficientNet-B0,k4,full,3006,0.660396,0.658606,0.793609,0.250000,32
MPEG-7,EfficientNet-B0,k4,trunc,3006,0.660396,0.658034,0.792826,0.250000,30
MPEG-7,EfficientNet-B0,k5,full,3006,0.660396,0.646846,0.786411,0.250000,32
MPEG-7,EfficientNet-B0,k5,trunc,3006,0.660396,0.646846,0.786411,0.250000,32
MPEG-7,EfficientNet-B0,k6,full,3006,0.660396,0.626739,0.773626,0.250000,32
MPEG-7,EfficientNet-B0,k6,trunc,3006,0.660396,0.626739,0.773626,0.250000,32
MPEG-7,EfficientNet-B0,k8,full,3006,0.660396,0.575019,0.747028,0.250000,32
MPEG-7,EfficientNet-B0,k8,trunc,3006,0.660396,0.575019,0.747028,0.250000,32
MPEG-7,EfficientNet-B0,LEG,full,3006,0.660396,0.603866,0.754136,0.250000,32
MPEG-7,EfficientNet-B0,LEG,trunc,3006,0.660396,0.613019,0.763691,0.250000,17
MPEG-7,EfficientNet-B0,kval_le3,full,3006,0.660396,0.661759,0.792932,0.250000,k3/32
MPEG-7,EfficientNet-B0,kval_ext,full,3006,0.660396,0.661004,0.793683,0.250000,k3.5/32
MPEG-7,EfficientNet-B0,kval_le3,trunc,3006,0.660396,0.661592,0.794450,0.250000,k2/14
MPEG-7,EfficientNet-B0,kval_ext,trunc,3006,0.660396,0.661592,0.794450,0.250000,k2/14
MPEG-7,EfficientNet-B0,k2,full,3007,0.665511,0.660702,0.789292,0.250000,32
MPEG-7,EfficientNet-B0,k2,trunc,3007,0.665511,0.674818,0.802976,0.250000,17
MPEG-7,EfficientNet-B0,k2.5,full,3007,0.665511,0.664408,0.795914,0.250000,32
MPEG-7,EfficientNet-B0,k2.5,trunc,3007,0.665511,0.671069,0.802140,0.250000,23
MPEG-7,EfficientNet-B0,k3,full,3007,0.665511,0.668007,0.800669,0.250000,32
MPEG-7,EfficientNet-B0,k3,trunc,3007,0.665511,0.667648,0.801440,0.250000,26
MPEG-7,EfficientNet-B0,k3.5,full,3007,0.665511,0.668484,0.801125,0.250000,32
MPEG-7,EfficientNet-B0,k3.5,trunc,3007,0.665511,0.668484,0.801125,0.250000,32
MPEG-7,EfficientNet-B0,k4,full,3007,0.665511,0.664949,0.799774,0.250000,32
MPEG-7,EfficientNet-B0,k4,trunc,3007,0.665511,0.663258,0.799287,0.250000,31
MPEG-7,EfficientNet-B0,k5,full,3007,0.665511,0.650982,0.794824,0.250000,32
MPEG-7,EfficientNet-B0,k5,trunc,3007,0.665511,0.650982,0.794824,0.250000,32
MPEG-7,EfficientNet-B0,k6,full,3007,0.665511,0.628950,0.782508,0.250000,32
MPEG-7,EfficientNet-B0,k6,trunc,3007,0.665511,0.628950,0.782508,0.250000,32
MPEG-7,EfficientNet-B0,k8,full,3007,0.665511,0.569570,0.751001,0.250000,32
MPEG-7,EfficientNet-B0,k8,trunc,3007,0.665511,0.569570,0.751001,0.250000,32
MPEG-7,EfficientNet-B0,LEG,full,3007,0.665511,0.602175,0.755700,0.250000,32
MPEG-7,EfficientNet-B0,LEG,trunc,3007,0.665511,0.608426,0.766740,0.250000,17
MPEG-7,EfficientNet-B0,kval_le3,full,3007,0.665511,0.668007,0.800669,0.250000,k3/32
MPEG-7,EfficientNet-B0,kval_ext,full,3007,0.665511,0.668484,0.801125,0.250000,k3.5/32
MPEG-7,EfficientNet-B0,kval_le3,trunc,3007,0.665511,0.667648,0.801440,0.250000,k3/26
MPEG-7,EfficientNet-B0,kval_ext,trunc,3007,0.665511,0.667648,0.801440,0.250000,k3/26
MPEG-7,EfficientNet-B0,k2,full,3008,0.660852,0.677548,0.803009,0.250000,32
MPEG-7,EfficientNet-B0,k2,trunc,3008,0.660852,0.685189,0.811164,0.250000,16
MPEG-7,EfficientNet-B0,k2.5,full,3008,0.660852,0.680931,0.807146,0.250000,32
MPEG-7,EfficientNet-B0,k2.5,trunc,3008,0.660852,0.692394,0.812265,0.250000,21
MPEG-7,EfficientNet-B0,k3,full,3008,0.660852,0.686925,0.809816,0.250000,32
MPEG-7,EfficientNet-B0,k3,trunc,3008,0.660852,0.688771,0.810252,0.250000,25
MPEG-7,EfficientNet-B0,k3.5,full,3008,0.660852,0.687329,0.810105,0.250000,32
MPEG-7,EfficientNet-B0,k3.5,trunc,3008,0.660852,0.687542,0.809622,0.250000,30
MPEG-7,EfficientNet-B0,k4,full,3008,0.660852,0.683153,0.808578,0.250000,32
MPEG-7,EfficientNet-B0,k4,trunc,3008,0.660852,0.683153,0.808578,0.250000,32
MPEG-7,EfficientNet-B0,k5,full,3008,0.660852,0.664229,0.800627,0.250000,32
MPEG-7,EfficientNet-B0,k5,trunc,3008,0.660852,0.664229,0.800627,0.250000,32
MPEG-7,EfficientNet-B0,k6,full,3008,0.660852,0.640565,0.788082,0.250000,32
MPEG-7,EfficientNet-B0,k6,trunc,3008,0.660852,0.640565,0.788082,0.250000,32
MPEG-7,EfficientNet-B0,k8,full,3008,0.660852,0.581435,0.756282,0.250000,32
MPEG-7,EfficientNet-B0,k8,trunc,3008,0.660852,0.581435,0.756282,0.250000,32
MPEG-7,EfficientNet-B0,LEG,full,3008,0.660852,0.612417,0.768181,0.250000,32
MPEG-7,EfficientNet-B0,LEG,trunc,3008,0.660852,0.617955,0.774277,0.250000,18
MPEG-7,EfficientNet-B0,kval_le3,full,3008,0.660852,0.686925,0.809816,0.250000,k3/32
MPEG-7,EfficientNet-B0,kval_ext,full,3008,0.660852,0.687329,0.810105,0.250000,k3.5/32
MPEG-7,EfficientNet-B0,kval_le3,trunc,3008,0.660852,0.688771,0.810252,0.250000,k3/25
MPEG-7,EfficientNet-B0,kval_ext,trunc,3008,0.660852,0.688771,0.810252,0.250000,k3/25
MPEG-7,EfficientNet-B0,k2,full,3009,0.669497,0.678460,0.805726,0.250000,32
MPEG-7,EfficientNet-B0,k2,trunc,3009,0.669497,0.681664,0.814175,0.250000,14
MPEG-7,EfficientNet-B0,k2.5,full,3009,0.669497,0.678650,0.810274,0.250000,32
MPEG-7,EfficientNet-B0,k2.5,trunc,3009,0.669497,0.682115,0.816169,0.250000,21
MPEG-7,EfficientNet-B0,k3,full,3009,0.669497,0.680392,0.813060,0.250000,32
MPEG-7,EfficientNet-B0,k3,trunc,3009,0.669497,0.679561,0.813443,0.250000,23
MPEG-7,EfficientNet-B0,k3.5,full,3009,0.669497,0.680566,0.812971,0.250000,32
MPEG-7,EfficientNet-B0,k3.5,trunc,3009,0.669497,0.676830,0.812609,0.250000,28
MPEG-7,EfficientNet-B0,k4,full,3009,0.669497,0.676791,0.811976,0.250000,32
MPEG-7,EfficientNet-B0,k4,trunc,3009,0.669497,0.676791,0.811976,0.250000,32
MPEG-7,EfficientNet-B0,k5,full,3009,0.669497,0.662389,0.805757,0.250000,32
MPEG-7,EfficientNet-B0,k5,trunc,3009,0.669497,0.662389,0.805757,0.250000,32
MPEG-7,EfficientNet-B0,k6,full,3009,0.669497,0.644096,0.794059,0.250000,32
MPEG-7,EfficientNet-B0,k6,trunc,3009,0.669497,0.644096,0.794059,0.250000,32
MPEG-7,EfficientNet-B0,k8,full,3009,0.669497,0.589408,0.766812,0.250000,32
MPEG-7,EfficientNet-B0,k8,trunc,3009,0.669497,0.589408,0.766812,0.250000,32
MPEG-7,EfficientNet-B0,LEG,full,3009,0.669497,0.621155,0.773989,0.250000,32
MPEG-7,EfficientNet-B0,LEG,trunc,3009,0.669497,0.624893,0.779589,0.250000,15
MPEG-7,EfficientNet-B0,kval_le3,full,3009,0.669497,0.680392,0.813060,0.250000,k3/32
MPEG-7,EfficientNet-B0,kval_ext,full,3009,0.669497,0.676791,0.811976,0.250000,k4/32
MPEG-7,EfficientNet-B0,kval_le3,trunc,3009,0.669497,0.681664,0.814175,0.250000,k2/14
MPEG-7,EfficientNet-B0,kval_ext,trunc,3009,0.669497,0.681664,0.814175,0.250000,k2/14
MPEG-7,EfficientNet-B0,k2,full,3010,0.656154,0.671330,0.791887,0.250000,32
MPEG-7,EfficientNet-B0,k2,trunc,3010,0.656154,0.689325,0.805334,0.250000,14
MPEG-7,EfficientNet-B0,k2.5,full,3010,0.656154,0.678975,0.799749,0.250000,32
MPEG-7,EfficientNet-B0,k2.5,trunc,3010,0.656154,0.689490,0.805040,0.250000,19
MPEG-7,EfficientNet-B0,k3,full,3010,0.656154,0.688066,0.805272,0.250000,32
MPEG-7,EfficientNet-B0,k3,trunc,3010,0.656154,0.688976,0.804911,0.250000,23
MPEG-7,EfficientNet-B0,k3.5,full,3010,0.656154,0.688941,0.805745,0.250000,32
MPEG-7,EfficientNet-B0,k3.5,trunc,3010,0.656154,0.688157,0.804010,0.250000,26
MPEG-7,EfficientNet-B0,k4,full,3010,0.656154,0.688022,0.805028,0.250000,32
MPEG-7,EfficientNet-B0,k4,trunc,3010,0.656154,0.686966,0.803555,0.250000,30
MPEG-7,EfficientNet-B0,k5,full,3010,0.656154,0.672494,0.797307,0.250000,32
MPEG-7,EfficientNet-B0,k5,trunc,3010,0.656154,0.672494,0.797307,0.250000,32
MPEG-7,EfficientNet-B0,k6,full,3010,0.656154,0.655673,0.785174,0.250000,32
MPEG-7,EfficientNet-B0,k6,trunc,3010,0.656154,0.655673,0.785174,0.250000,32
MPEG-7,EfficientNet-B0,k8,full,3010,0.656154,0.592703,0.750424,0.250000,32
MPEG-7,EfficientNet-B0,k8,trunc,3010,0.656154,0.592703,0.750424,0.250000,32
MPEG-7,EfficientNet-B0,LEG,full,3010,0.656154,0.618778,0.761262,0.250000,32
MPEG-7,EfficientNet-B0,LEG,trunc,3010,0.656154,0.625543,0.767207,0.250000,15
MPEG-7,EfficientNet-B0,kval_le3,full,3010,0.656154,0.688066,0.805272,0.250000,k3/32
MPEG-7,EfficientNet-B0,kval_ext,full,3010,0.656154,0.688022,0.805028,0.250000,k4/32
MPEG-7,EfficientNet-B0,kval_le3,trunc,3010,0.656154,0.688976,0.804911,0.250000,k3/23
MPEG-7,EfficientNet-B0,kval_ext,trunc,3010,0.656154,0.688976,0.804911,0.250000,k3/23
MPEG-7,Swin-T,k2,full,3001,0.445654,0.665549,0.733770,0.250000,32
MPEG-7,Swin-T,k2,trunc,3001,0.445654,0.677200,0.745314,0.250000,14
MPEG-7,Swin-T,k2.5,full,3001,0.445654,0.671974,0.742545,0.250000,32
MPEG-7,Swin-T,k2.5,trunc,3001,0.445654,0.676685,0.746542,0.250000,18
MPEG-7,Swin-T,k3,full,3001,0.445654,0.676362,0.745941,0.250000,32
MPEG-7,Swin-T,k3,trunc,3001,0.445654,0.675873,0.745093,0.250000,22
MPEG-7,Swin-T,k3.5,full,3001,0.445654,0.677113,0.745542,0.250000,32
MPEG-7,Swin-T,k3.5,trunc,3001,0.445654,0.675474,0.743923,0.250000,26
MPEG-7,Swin-T,k4,full,3001,0.445654,0.674806,0.744079,0.250000,32
MPEG-7,Swin-T,k4,trunc,3001,0.445654,0.673842,0.743174,0.250000,30
MPEG-7,Swin-T,k5,full,3001,0.445654,0.657276,0.731196,0.250000,32
MPEG-7,Swin-T,k5,trunc,3001,0.445654,0.657276,0.731196,0.250000,32
MPEG-7,Swin-T,k6,full,3001,0.445654,0.631502,0.706867,0.250000,32
MPEG-7,Swin-T,k6,trunc,3001,0.445654,0.631502,0.706867,0.250000,32
MPEG-7,Swin-T,k8,full,3001,0.445654,0.577943,0.657620,0.250000,32
MPEG-7,Swin-T,k8,trunc,3001,0.445654,0.577943,0.657620,0.250000,32
MPEG-7,Swin-T,LEG,full,3001,0.445654,0.611042,0.697351,0.250000,32
MPEG-7,Swin-T,LEG,trunc,3001,0.445654,0.613058,0.700586,0.250000,13
MPEG-7,Swin-T,kval_le3,full,3001,0.445654,0.676362,0.745941,0.250000,k3/32
MPEG-7,Swin-T,kval_ext,full,3001,0.445654,0.674806,0.744079,0.250000,k4/32
MPEG-7,Swin-T,kval_le3,trunc,3001,0.445654,0.677200,0.745314,0.250000,k2/14
MPEG-7,Swin-T,kval_ext,trunc,3001,0.445654,0.677200,0.745314,0.250000,k2/14
MPEG-7,Swin-T,k2,full,3002,0.432616,0.665262,0.728364,0.250000,32
MPEG-7,Swin-T,k2,trunc,3002,0.432616,0.674532,0.738990,0.250000,15
MPEG-7,Swin-T,k2.5,full,3002,0.432616,0.668160,0.733366,0.250000,32
MPEG-7,Swin-T,k2.5,trunc,3002,0.432616,0.673913,0.738377,0.250000,23
MPEG-7,Swin-T,k3,full,3002,0.432616,0.672864,0.737333,0.250000,32
MPEG-7,Swin-T,k3,trunc,3002,0.432616,0.674977,0.737442,0.250000,27
MPEG-7,Swin-T,k3.5,full,3002,0.432616,0.672979,0.735752,0.250000,32
MPEG-7,Swin-T,k3.5,trunc,3002,0.432616,0.672979,0.735752,0.250000,32
MPEG-7,Swin-T,k4,full,3002,0.432616,0.669468,0.734339,0.250000,32
MPEG-7,Swin-T,k4,trunc,3002,0.432616,0.670123,0.733611,0.250000,31
MPEG-7,Swin-T,k5,full,3002,0.432616,0.654391,0.721340,0.250000,32
MPEG-7,Swin-T,k5,trunc,3002,0.432616,0.654391,0.721340,0.250000,32
MPEG-7,Swin-T,k6,full,3002,0.432616,0.636620,0.701468,0.250000,32
MPEG-7,Swin-T,k6,trunc,3002,0.432616,0.636620,0.701468,0.250000,32
MPEG-7,Swin-T,k8,full,3002,0.432616,0.581196,0.656764,0.250000,32
MPEG-7,Swin-T,k8,trunc,3002,0.432616,0.581196,0.656764,0.250000,32
MPEG-7,Swin-T,LEG,full,3002,0.432616,0.608485,0.686043,0.250000,32
MPEG-7,Swin-T,LEG,trunc,3002,0.432616,0.614008,0.695702,0.250000,15
MPEG-7,Swin-T,kval_le3,full,3002,0.432616,0.672864,0.737333,0.250000,k3/32
MPEG-7,Swin-T,kval_ext,full,3002,0.432616,0.672979,0.735752,0.250000,k3.5/32
MPEG-7,Swin-T,kval_le3,trunc,3002,0.432616,0.673913,0.738377,0.250000,k2.5/23
MPEG-7,Swin-T,kval_ext,trunc,3002,0.432616,0.673913,0.738377,0.250000,k2.5/23
MPEG-7,Swin-T,k2,full,3003,0.440701,0.665083,0.727806,0.250000,32
MPEG-7,Swin-T,k2,trunc,3003,0.440701,0.675038,0.737086,0.250000,15
MPEG-7,Swin-T,k2.5,full,3003,0.440701,0.673560,0.732284,0.250000,32
MPEG-7,Swin-T,k2.5,trunc,3003,0.440701,0.676333,0.736299,0.250000,26
MPEG-7,Swin-T,k3,full,3003,0.440701,0.677122,0.736627,0.250000,32
MPEG-7,Swin-T,k3,trunc,3003,0.440701,0.682165,0.737734,0.250000,29
MPEG-7,Swin-T,k3.5,full,3003,0.440701,0.680131,0.735595,0.250000,32
MPEG-7,Swin-T,k3.5,trunc,3003,0.440701,0.680131,0.735595,0.250000,32
MPEG-7,Swin-T,k4,full,3003,0.440701,0.676839,0.734404,0.250000,32
MPEG-7,Swin-T,k4,trunc,3003,0.440701,0.677178,0.733404,0.250000,31
MPEG-7,Swin-T,k5,full,3003,0.440701,0.656823,0.720204,0.250000,32
MPEG-7,Swin-T,k5,trunc,3003,0.440701,0.656823,0.720204,0.250000,32
MPEG-7,Swin-T,k6,full,3003,0.440701,0.636213,0.702487,0.250000,32
MPEG-7,Swin-T,k6,trunc,3003,0.440701,0.636213,0.702487,0.250000,32
MPEG-7,Swin-T,k8,full,3003,0.440701,0.579965,0.655341,0.250000,32
MPEG-7,Swin-T,k8,trunc,3003,0.440701,0.579965,0.655341,0.250000,32
MPEG-7,Swin-T,LEG,full,3003,0.440701,0.611803,0.692282,0.250000,32
MPEG-7,Swin-T,LEG,trunc,3003,0.440701,0.619891,0.699200,0.250000,15
MPEG-7,Swin-T,kval_le3,full,3003,0.440701,0.677122,0.736627,0.250000,k3/32
MPEG-7,Swin-T,kval_ext,full,3003,0.440701,0.677122,0.736627,0.250000,k3/32
MPEG-7,Swin-T,kval_le3,trunc,3003,0.440701,0.675038,0.737086,0.250000,k2/15
MPEG-7,Swin-T,kval_ext,trunc,3003,0.440701,0.675038,0.737086,0.250000,k2/15
MPEG-7,Swin-T,k2,full,3004,0.447049,0.672202,0.736807,0.250000,32
MPEG-7,Swin-T,k2,trunc,3004,0.447049,0.681365,0.744389,0.250000,15
MPEG-7,Swin-T,k2.5,full,3004,0.447049,0.678793,0.742745,0.250000,32
MPEG-7,Swin-T,k2.5,trunc,3004,0.447049,0.683251,0.745397,0.250000,23
MPEG-7,Swin-T,k3,full,3004,0.447049,0.680921,0.745104,0.250000,32
MPEG-7,Swin-T,k3,trunc,3004,0.447049,0.682702,0.744398,0.250000,29
MPEG-7,Swin-T,k3.5,full,3004,0.447049,0.681848,0.742692,0.250000,32
MPEG-7,Swin-T,k3.5,trunc,3004,0.447049,0.682158,0.743465,0.250000,30
MPEG-7,Swin-T,k4,full,3004,0.447049,0.680148,0.741144,0.250000,32
MPEG-7,Swin-T,k4,trunc,3004,0.447049,0.680655,0.740076,0.250000,31
MPEG-7,Swin-T,k5,full,3004,0.447049,0.666939,0.725491,0.250000,32
MPEG-7,Swin-T,k5,trunc,3004,0.447049,0.666939,0.725491,0.250000,32
MPEG-7,Swin-T,k6,full,3004,0.447049,0.648146,0.707685,0.250000,32
MPEG-7,Swin-T,k6,trunc,3004,0.447049,0.648146,0.707685,0.250000,32
MPEG-7,Swin-T,k8,full,3004,0.447049,0.594931,0.660486,0.250000,32
MPEG-7,Swin-T,k8,trunc,3004,0.447049,0.594931,0.660486,0.250000,32
MPEG-7,Swin-T,LEG,full,3004,0.447049,0.611645,0.696945,0.250000,32
MPEG-7,Swin-T,LEG,trunc,3004,0.447049,0.618339,0.704765,0.250000,17
MPEG-7,Swin-T,kval_le3,full,3004,0.447049,0.680921,0.745104,0.250000,k3/32
MPEG-7,Swin-T,kval_ext,full,3004,0.447049,0.680921,0.745104,0.250000,k3/32
MPEG-7,Swin-T,kval_le3,trunc,3004,0.447049,0.681365,0.744389,0.250000,k2/15
MPEG-7,Swin-T,kval_ext,trunc,3004,0.447049,0.681365,0.744389,0.250000,k2/15
MPEG-7,Swin-T,k2,full,3005,0.429597,0.664201,0.725682,0.250000,32
MPEG-7,Swin-T,k2,trunc,3005,0.429597,0.675933,0.738992,0.250000,15
MPEG-7,Swin-T,k2.5,full,3005,0.429597,0.672820,0.731564,0.250000,32
MPEG-7,Swin-T,k2.5,trunc,3005,0.429597,0.678088,0.736100,0.250000,25
MPEG-7,Swin-T,k3,full,3005,0.429597,0.675010,0.733885,0.250000,32
MPEG-7,Swin-T,k3,trunc,3005,0.429597,0.676791,0.735389,0.250000,27
MPEG-7,Swin-T,k3.5,full,3005,0.429597,0.676034,0.733659,0.250000,32
MPEG-7,Swin-T,k3.5,trunc,3005,0.429597,0.676894,0.734540,0.250000,31
MPEG-7,Swin-T,k4,full,3005,0.429597,0.674227,0.733448,0.250000,32
MPEG-7,Swin-T,k4,trunc,3005,0.429597,0.675258,0.733195,0.250000,31
MPEG-7,Swin-T,k5,full,3005,0.429597,0.657402,0.721128,0.250000,32
MPEG-7,Swin-T,k5,trunc,3005,0.429597,0.657402,0.721128,0.250000,32
MPEG-7,Swin-T,k6,full,3005,0.429597,0.635403,0.702729,0.250000,32
MPEG-7,Swin-T,k6,trunc,3005,0.429597,0.635403,0.702729,0.250000,32
MPEG-7,Swin-T,k8,full,3005,0.429597,0.577993,0.653034,0.250000,32
MPEG-7,Swin-T,k8,trunc,3005,0.429597,0.577993,0.653034,0.250000,32
MPEG-7,Swin-T,LEG,full,3005,0.429597,0.605811,0.677039,0.250000,32
MPEG-7,Swin-T,LEG,trunc,3005,0.429597,0.613128,0.687736,0.250000,15
MPEG-7,Swin-T,kval_le3,full,3005,0.429597,0.675010,0.733885,0.250000,k3/32
MPEG-7,Swin-T,kval_ext,full,3005,0.429597,0.675010,0.733885,0.250000,k3/32
MPEG-7,Swin-T,kval_le3,trunc,3005,0.429597,0.678088,0.736100,0.250000,k2.5/25
MPEG-7,Swin-T,kval_ext,trunc,3005,0.429597,0.678088,0.736100,0.250000,k2.5/25
MPEG-7,Swin-T,k2,full,3006,0.447322,0.650201,0.735905,0.250000,32
MPEG-7,Swin-T,k2,trunc,3006,0.447322,0.661681,0.748369,0.250000,15
MPEG-7,Swin-T,k2.5,full,3006,0.447322,0.657624,0.743033,0.250000,32
MPEG-7,Swin-T,k2.5,trunc,3006,0.447322,0.666081,0.748345,0.250000,23
MPEG-7,Swin-T,k3,full,3006,0.447322,0.661759,0.746439,0.250000,32
MPEG-7,Swin-T,k3,trunc,3006,0.447322,0.661784,0.747354,0.250000,25
MPEG-7,Swin-T,k3.5,full,3006,0.447322,0.661004,0.745061,0.250000,32
MPEG-7,Swin-T,k3.5,trunc,3006,0.447322,0.662311,0.745973,0.250000,31
MPEG-7,Swin-T,k4,full,3006,0.447322,0.658606,0.744755,0.250000,32
MPEG-7,Swin-T,k4,trunc,3006,0.447322,0.658606,0.744755,0.250000,32
MPEG-7,Swin-T,k5,full,3006,0.447322,0.646846,0.735386,0.250000,32
MPEG-7,Swin-T,k5,trunc,3006,0.447322,0.646846,0.735386,0.250000,32
MPEG-7,Swin-T,k6,full,3006,0.447322,0.626739,0.718522,0.250000,32
MPEG-7,Swin-T,k6,trunc,3006,0.447322,0.626739,0.718522,0.250000,32
MPEG-7,Swin-T,k8,full,3006,0.447322,0.575019,0.665645,0.250000,32
MPEG-7,Swin-T,k8,trunc,3006,0.447322,0.575019,0.665645,0.250000,32
MPEG-7,Swin-T,LEG,full,3006,0.447322,0.603866,0.698829,0.250000,32
MPEG-7,Swin-T,LEG,trunc,3006,0.447322,0.611825,0.709902,0.250000,16
MPEG-7,Swin-T,kval_le3,full,3006,0.447322,0.661759,0.746439,0.250000,k3/32
MPEG-7,Swin-T,kval_ext,full,3006,0.447322,0.661004,0.745061,0.250000,k3.5/32
MPEG-7,Swin-T,kval_le3,trunc,3006,0.447322,0.666081,0.748345,0.250000,k2.5/23
MPEG-7,Swin-T,kval_ext,trunc,3006,0.447322,0.666081,0.748345,0.250000,k2.5/23
MPEG-7,Swin-T,k2,full,3007,0.449255,0.660702,0.733185,0.250000,32
MPEG-7,Swin-T,k2,trunc,3007,0.449255,0.672726,0.747754,0.250000,15
MPEG-7,Swin-T,k2.5,full,3007,0.449255,0.664408,0.741568,0.250000,32
MPEG-7,Swin-T,k2.5,trunc,3007,0.449255,0.670811,0.747249,0.250000,21
MPEG-7,Swin-T,k3,full,3007,0.449255,0.668007,0.744889,0.250000,32
MPEG-7,Swin-T,k3,trunc,3007,0.449255,0.669629,0.746300,0.250000,27
MPEG-7,Swin-T,k3.5,full,3007,0.449255,0.668484,0.745074,0.250000,32
MPEG-7,Swin-T,k3.5,trunc,3007,0.449255,0.668969,0.745151,0.250000,31
MPEG-7,Swin-T,k4,full,3007,0.449255,0.664949,0.743351,0.250000,32
MPEG-7,Swin-T,k4,trunc,3007,0.449255,0.663258,0.742648,0.250000,31
MPEG-7,Swin-T,k5,full,3007,0.449255,0.650982,0.730813,0.250000,32
MPEG-7,Swin-T,k5,trunc,3007,0.449255,0.650982,0.730813,0.250000,32
MPEG-7,Swin-T,k6,full,3007,0.449255,0.628950,0.712479,0.250000,32
MPEG-7,Swin-T,k6,trunc,3007,0.449255,0.628950,0.712479,0.250000,32
MPEG-7,Swin-T,k8,full,3007,0.449255,0.569570,0.661439,0.250000,32
MPEG-7,Swin-T,k8,trunc,3007,0.449255,0.569570,0.661439,0.250000,32
MPEG-7,Swin-T,LEG,full,3007,0.449255,0.602175,0.689225,0.250000,32
MPEG-7,Swin-T,LEG,trunc,3007,0.449255,0.607382,0.698926,0.250000,15
MPEG-7,Swin-T,kval_le3,full,3007,0.449255,0.668007,0.744889,0.250000,k3/32
MPEG-7,Swin-T,kval_ext,full,3007,0.449255,0.668484,0.745074,0.250000,k3.5/32
MPEG-7,Swin-T,kval_le3,trunc,3007,0.449255,0.672726,0.747754,0.250000,k2/15
MPEG-7,Swin-T,kval_ext,trunc,3007,0.449255,0.672726,0.747754,0.250000,k2/15
MPEG-7,Swin-T,k2,full,3008,0.447489,0.677548,0.740989,0.250000,32
MPEG-7,Swin-T,k2,trunc,3008,0.447489,0.686363,0.752121,0.250000,14
MPEG-7,Swin-T,k2.5,full,3008,0.447489,0.680931,0.743569,0.250000,32
MPEG-7,Swin-T,k2.5,trunc,3008,0.447489,0.687868,0.750116,0.250000,19
MPEG-7,Swin-T,k3,full,3008,0.447489,0.686925,0.748098,0.250000,32
MPEG-7,Swin-T,k3,trunc,3008,0.447489,0.688771,0.750257,0.250000,25
MPEG-7,Swin-T,k3.5,full,3008,0.447489,0.687329,0.748044,0.250000,32
MPEG-7,Swin-T,k3.5,trunc,3008,0.447489,0.687793,0.748854,0.250000,29
MPEG-7,Swin-T,k4,full,3008,0.447489,0.683153,0.747784,0.250000,32
MPEG-7,Swin-T,k4,trunc,3008,0.447489,0.683153,0.747784,0.250000,32
MPEG-7,Swin-T,k5,full,3008,0.447489,0.664229,0.733310,0.250000,32
MPEG-7,Swin-T,k5,trunc,3008,0.447489,0.664229,0.733310,0.250000,32
MPEG-7,Swin-T,k6,full,3008,0.447489,0.640565,0.714738,0.250000,32
MPEG-7,Swin-T,k6,trunc,3008,0.447489,0.640565,0.714738,0.250000,32
MPEG-7,Swin-T,k8,full,3008,0.447489,0.581435,0.666155,0.250000,32
MPEG-7,Swin-T,k8,trunc,3008,0.447489,0.581435,0.666155,0.250000,32
MPEG-7,Swin-T,LEG,full,3008,0.447489,0.612417,0.697854,0.250000,32
MPEG-7,Swin-T,LEG,trunc,3008,0.447489,0.618840,0.711464,0.250000,15
MPEG-7,Swin-T,kval_le3,full,3008,0.447489,0.686925,0.748098,0.250000,k3/32
MPEG-7,Swin-T,kval_ext,full,3008,0.447489,0.683153,0.747784,0.250000,k4/32
MPEG-7,Swin-T,kval_le3,trunc,3008,0.447489,0.686363,0.752121,0.250000,k2/14
MPEG-7,Swin-T,kval_ext,trunc,3008,0.447489,0.686363,0.752121,0.250000,k2/14
MPEG-7,Swin-T,k2,full,3009,0.432738,0.678460,0.737130,0.250000,32
MPEG-7,Swin-T,k2,trunc,3009,0.432738,0.681664,0.745077,0.250000,14
MPEG-7,Swin-T,k2.5,full,3009,0.432738,0.678650,0.742307,0.250000,32
MPEG-7,Swin-T,k2.5,trunc,3009,0.432738,0.679337,0.742402,0.250000,18
MPEG-7,Swin-T,k3,full,3009,0.432738,0.680392,0.743254,0.250000,32
MPEG-7,Swin-T,k3,trunc,3009,0.432738,0.677175,0.739587,0.250000,22
MPEG-7,Swin-T,k3.5,full,3009,0.432738,0.680566,0.740844,0.250000,32
MPEG-7,Swin-T,k3.5,trunc,3009,0.432738,0.680105,0.741181,0.250000,29
MPEG-7,Swin-T,k4,full,3009,0.432738,0.676791,0.739593,0.250000,32
MPEG-7,Swin-T,k4,trunc,3009,0.432738,0.676079,0.738879,0.250000,30
MPEG-7,Swin-T,k5,full,3009,0.432738,0.662389,0.725168,0.250000,32
MPEG-7,Swin-T,k5,trunc,3009,0.432738,0.662389,0.725168,0.250000,32
MPEG-7,Swin-T,k6,full,3009,0.432738,0.644096,0.709797,0.250000,32
MPEG-7,Swin-T,k6,trunc,3009,0.432738,0.644096,0.709797,0.250000,32
MPEG-7,Swin-T,k8,full,3009,0.432738,0.589408,0.663669,0.250000,32
MPEG-7,Swin-T,k8,trunc,3009,0.432738,0.589408,0.663669,0.250000,32
MPEG-7,Swin-T,LEG,full,3009,0.432738,0.621155,0.697737,0.250000,32
MPEG-7,Swin-T,LEG,trunc,3009,0.432738,0.624893,0.708408,0.250000,15
MPEG-7,Swin-T,kval_le3,full,3009,0.432738,0.680392,0.743254,0.250000,k3/32
MPEG-7,Swin-T,kval_ext,full,3009,0.432738,0.676791,0.739593,0.250000,k4/32
MPEG-7,Swin-T,kval_le3,trunc,3009,0.432738,0.681664,0.745077,0.250000,k2/14
MPEG-7,Swin-T,kval_ext,trunc,3009,0.432738,0.681664,0.745077,0.250000,k2/14
MPEG-7,Swin-T,k2,full,3010,0.436156,0.671330,0.732670,0.250000,32
MPEG-7,Swin-T,k2,trunc,3010,0.436156,0.689325,0.746409,0.250000,14
MPEG-7,Swin-T,k2.5,full,3010,0.436156,0.678975,0.740059,0.250000,32
MPEG-7,Swin-T,k2.5,trunc,3010,0.436156,0.692206,0.747575,0.250000,21
MPEG-7,Swin-T,k3,full,3010,0.436156,0.688066,0.745660,0.250000,32
MPEG-7,Swin-T,k3,trunc,3010,0.436156,0.688815,0.745696,0.250000,25
MPEG-7,Swin-T,k3.5,full,3010,0.436156,0.688941,0.744768,0.250000,32
MPEG-7,Swin-T,k3.5,trunc,3010,0.436156,0.689792,0.745151,0.250000,31
MPEG-7,Swin-T,k4,full,3010,0.436156,0.688022,0.743297,0.250000,32
MPEG-7,Swin-T,k4,trunc,3010,0.436156,0.688022,0.743297,0.250000,32
MPEG-7,Swin-T,k5,full,3010,0.436156,0.672494,0.729588,0.250000,32
MPEG-7,Swin-T,k5,trunc,3010,0.436156,0.672494,0.729588,0.250000,32
MPEG-7,Swin-T,k6,full,3010,0.436156,0.655673,0.710622,0.250000,32
MPEG-7,Swin-T,k6,trunc,3010,0.436156,0.655673,0.710622,0.250000,32
MPEG-7,Swin-T,k8,full,3010,0.436156,0.592703,0.658432,0.250000,32
MPEG-7,Swin-T,k8,trunc,3010,0.436156,0.592703,0.658432,0.250000,32
MPEG-7,Swin-T,LEG,full,3010,0.436156,0.618778,0.691701,0.250000,32
MPEG-7,Swin-T,LEG,trunc,3010,0.436156,0.625543,0.699839,0.250000,15
MPEG-7,Swin-T,kval_le3,full,3010,0.436156,0.688066,0.745660,0.250000,k3/32
MPEG-7,Swin-T,kval_ext,full,3010,0.436156,0.688941,0.744768,0.250000,k3.5/32
MPEG-7,Swin-T,kval_le3,trunc,3010,0.436156,0.692206,0.747575,0.250000,k2.5/21
MPEG-7,Swin-T,kval_ext,trunc,3010,0.436156,0.692206,0.747575,0.250000,k2.5/21
MPEG-7,DINOv2,k2,full,3001,0.823628,0.665549,0.892446,0.250000,32
MPEG-7,DINOv2,k2,trunc,3001,0.823628,0.673366,0.897941,0.250000,12
MPEG-7,DINOv2,k2.5,full,3001,0.823628,0.671974,0.895620,0.250000,32
MPEG-7,DINOv2,k2.5,trunc,3001,0.823628,0.677663,0.898021,0.250000,27
MPEG-7,DINOv2,k3,full,3001,0.823628,0.676362,0.897896,0.250000,32
MPEG-7,DINOv2,k3,trunc,3001,0.823628,0.676362,0.897896,0.250000,32
MPEG-7,DINOv2,k3.5,full,3001,0.823628,0.677113,0.898231,0.250000,32
MPEG-7,DINOv2,k3.5,trunc,3001,0.823628,0.675474,0.900164,0.250000,26
MPEG-7,DINOv2,k4,full,3001,0.823628,0.674806,0.899499,0.250000,32
MPEG-7,DINOv2,k4,trunc,3001,0.823628,0.673842,0.900006,0.250000,30
MPEG-7,DINOv2,k5,full,3001,0.823628,0.657276,0.898529,0.250000,32
MPEG-7,DINOv2,k5,trunc,3001,0.823628,0.657276,0.898529,0.250000,32
MPEG-7,DINOv2,k6,full,3001,0.823628,0.631502,0.893226,0.250000,32
MPEG-7,DINOv2,k6,trunc,3001,0.823628,0.631502,0.893226,0.250000,32
MPEG-7,DINOv2,k8,full,3001,0.823628,0.577943,0.878535,0.250000,32
MPEG-7,DINOv2,k8,trunc,3001,0.823628,0.577943,0.878535,0.250000,32
MPEG-7,DINOv2,LEG,full,3001,0.823628,0.611042,0.879348,0.500000,32
MPEG-7,DINOv2,LEG,trunc,3001,0.823628,0.611884,0.882764,0.500000,19
MPEG-7,DINOv2,kval_le3,full,3001,0.823628,0.676362,0.897896,0.250000,k3/32
MPEG-7,DINOv2,kval_ext,full,3001,0.823628,0.676362,0.897896,0.250000,k3/32
MPEG-7,DINOv2,kval_le3,trunc,3001,0.823628,0.673366,0.897941,0.250000,k2/12
MPEG-7,DINOv2,kval_ext,trunc,3001,0.823628,0.673366,0.897941,0.250000,k2/12
MPEG-7,DINOv2,k2,full,3002,0.834000,0.665262,0.902754,0.500000,32
MPEG-7,DINOv2,k2,trunc,3002,0.834000,0.673575,0.906597,0.250000,14
MPEG-7,DINOv2,k2.5,full,3002,0.834000,0.668160,0.903216,0.500000,32
MPEG-7,DINOv2,k2.5,trunc,3002,0.834000,0.673466,0.907890,0.250000,19
MPEG-7,DINOv2,k3,full,3002,0.834000,0.672864,0.904742,0.500000,32
MPEG-7,DINOv2,k3,trunc,3002,0.834000,0.672433,0.907370,0.250000,23
MPEG-7,DINOv2,k3.5,full,3002,0.834000,0.672979,0.905887,0.250000,32
MPEG-7,DINOv2,k3.5,trunc,3002,0.834000,0.670970,0.906452,0.250000,28
MPEG-7,DINOv2,k4,full,3002,0.834000,0.669468,0.906617,0.250000,32
MPEG-7,DINOv2,k4,trunc,3002,0.834000,0.669468,0.906617,0.250000,32
MPEG-7,DINOv2,k5,full,3002,0.834000,0.654391,0.905627,0.250000,32
MPEG-7,DINOv2,k5,trunc,3002,0.834000,0.654391,0.905627,0.250000,32
MPEG-7,DINOv2,k6,full,3002,0.834000,0.636620,0.901411,0.250000,32
MPEG-7,DINOv2,k6,trunc,3002,0.834000,0.636620,0.901411,0.250000,32
MPEG-7,DINOv2,k8,full,3002,0.834000,0.581196,0.888921,0.250000,32
MPEG-7,DINOv2,k8,trunc,3002,0.834000,0.581196,0.888921,0.250000,32
MPEG-7,DINOv2,LEG,full,3002,0.834000,0.608485,0.888992,0.500000,32
MPEG-7,DINOv2,LEG,trunc,3002,0.834000,0.615139,0.892892,0.500000,16
MPEG-7,DINOv2,kval_le3,full,3002,0.834000,0.672864,0.904742,0.500000,k3/32
MPEG-7,DINOv2,kval_ext,full,3002,0.834000,0.669468,0.906617,0.250000,k4/32
MPEG-7,DINOv2,kval_le3,trunc,3002,0.834000,0.673466,0.907890,0.250000,k2.5/19
MPEG-7,DINOv2,kval_ext,trunc,3002,0.834000,0.673466,0.907890,0.250000,k2.5/19
MPEG-7,DINOv2,k2,full,3003,0.814211,0.665083,0.882266,0.500000,32
MPEG-7,DINOv2,k2,trunc,3003,0.814211,0.672014,0.885513,0.500000,21
MPEG-7,DINOv2,k2.5,full,3003,0.814211,0.673560,0.883121,0.500000,32
MPEG-7,DINOv2,k2.5,trunc,3003,0.814211,0.681885,0.893331,0.250000,21
MPEG-7,DINOv2,k3,full,3003,0.814211,0.677122,0.884900,0.500000,32
MPEG-7,DINOv2,k3,trunc,3003,0.814211,0.672061,0.890856,0.250000,21
MPEG-7,DINOv2,k3.5,full,3003,0.814211,0.680131,0.891604,0.250000,32
MPEG-7,DINOv2,k3.5,trunc,3003,0.814211,0.671745,0.890613,0.250000,25
MPEG-7,DINOv2,k4,full,3003,0.814211,0.676839,0.892172,0.250000,32
MPEG-7,DINOv2,k4,trunc,3003,0.814211,0.670250,0.890492,0.250000,28
MPEG-7,DINOv2,k5,full,3003,0.814211,0.656823,0.887304,0.250000,32
MPEG-7,DINOv2,k5,trunc,3003,0.814211,0.656823,0.887304,0.250000,32
MPEG-7,DINOv2,k6,full,3003,0.814211,0.636213,0.882360,0.250000,32
MPEG-7,DINOv2,k6,trunc,3003,0.814211,0.636213,0.882360,0.250000,32
MPEG-7,DINOv2,k8,full,3003,0.814211,0.579965,0.866691,0.250000,32
MPEG-7,DINOv2,k8,trunc,3003,0.814211,0.579965,0.866691,0.250000,32
MPEG-7,DINOv2,LEG,full,3003,0.814211,0.611803,0.868935,0.500000,32
MPEG-7,DINOv2,LEG,trunc,3003,0.814211,0.619894,0.872387,0.500000,19
MPEG-7,DINOv2,kval_le3,full,3003,0.814211,0.677122,0.884900,0.500000,k3/32
MPEG-7,DINOv2,kval_ext,full,3003,0.814211,0.676839,0.892172,0.250000,k4/32
MPEG-7,DINOv2,kval_le3,trunc,3003,0.814211,0.672014,0.885513,0.500000,k2/21
MPEG-7,DINOv2,kval_ext,trunc,3003,0.814211,0.670250,0.890492,0.250000,k4/28
MPEG-7,DINOv2,k2,full,3004,0.827345,0.672202,0.895215,0.250000,32
MPEG-7,DINOv2,k2,trunc,3004,0.827345,0.678596,0.898534,0.250000,13
MPEG-7,DINOv2,k2.5,full,3004,0.827345,0.678793,0.898815,0.250000,32
MPEG-7,DINOv2,k2.5,trunc,3004,0.827345,0.682728,0.902021,0.250000,19
MPEG-7,DINOv2,k3,full,3004,0.827345,0.680921,0.901065,0.250000,32
MPEG-7,DINOv2,k3,trunc,3004,0.827345,0.681941,0.901554,0.250000,23
MPEG-7,DINOv2,k3.5,full,3004,0.827345,0.681848,0.901617,0.250000,32
MPEG-7,DINOv2,k3.5,trunc,3004,0.827345,0.681182,0.900810,0.250000,27
MPEG-7,DINOv2,k4,full,3004,0.827345,0.680148,0.901109,0.250000,32
MPEG-7,DINOv2,k4,trunc,3004,0.827345,0.680655,0.900669,0.250000,31
MPEG-7,DINOv2,k5,full,3004,0.827345,0.666939,0.896501,0.250000,32
MPEG-7,DINOv2,k5,trunc,3004,0.827345,0.666939,0.896501,0.250000,32
MPEG-7,DINOv2,k6,full,3004,0.827345,0.648146,0.891196,0.250000,32
MPEG-7,DINOv2,k6,trunc,3004,0.827345,0.648146,0.891196,0.250000,32
MPEG-7,DINOv2,k8,full,3004,0.827345,0.594931,0.875015,0.250000,32
MPEG-7,DINOv2,k8,trunc,3004,0.827345,0.594931,0.875015,0.250000,32
MPEG-7,DINOv2,LEG,full,3004,0.827345,0.611645,0.882620,0.500000,32
MPEG-7,DINOv2,LEG,trunc,3004,0.827345,0.618339,0.885547,0.500000,17
MPEG-7,DINOv2,kval_le3,full,3004,0.827345,0.680921,0.901065,0.250000,k3/32
MPEG-7,DINOv2,kval_ext,full,3004,0.827345,0.680148,0.901109,0.250000,k4/32
MPEG-7,DINOv2,kval_le3,trunc,3004,0.827345,0.682728,0.902021,0.250000,k2.5/19
MPEG-7,DINOv2,kval_ext,trunc,3004,0.827345,0.682728,0.902021,0.250000,k2.5/19
MPEG-7,DINOv2,k2,full,3005,0.835481,0.664201,0.889558,0.250000,32
MPEG-7,DINOv2,k2,trunc,3005,0.835481,0.675138,0.902149,0.250000,14
MPEG-7,DINOv2,k2.5,full,3005,0.835481,0.672820,0.894558,0.250000,32
MPEG-7,DINOv2,k2.5,trunc,3005,0.835481,0.677955,0.903331,0.250000,20
MPEG-7,DINOv2,k3,full,3005,0.835481,0.675010,0.897632,0.250000,32
MPEG-7,DINOv2,k3,trunc,3005,0.835481,0.676480,0.901369,0.250000,26
MPEG-7,DINOv2,k3.5,full,3005,0.835481,0.676034,0.900493,0.250000,32
MPEG-7,DINOv2,k3.5,trunc,3005,0.835481,0.676894,0.901368,0.250000,31
MPEG-7,DINOv2,k4,full,3005,0.835481,0.674227,0.902245,0.250000,32
MPEG-7,DINOv2,k4,trunc,3005,0.835481,0.674227,0.902245,0.250000,32
MPEG-7,DINOv2,k5,full,3005,0.835481,0.657402,0.901743,0.250000,32
MPEG-7,DINOv2,k5,trunc,3005,0.835481,0.657402,0.901743,0.250000,32
MPEG-7,DINOv2,k6,full,3005,0.835481,0.635403,0.896890,0.250000,32
MPEG-7,DINOv2,k6,trunc,3005,0.835481,0.635403,0.896890,0.250000,32
MPEG-7,DINOv2,k8,full,3005,0.835481,0.577993,0.885518,0.250000,32
MPEG-7,DINOv2,k8,trunc,3005,0.835481,0.574243,0.885076,0.250000,31
MPEG-7,DINOv2,LEG,full,3005,0.835481,0.605811,0.883058,0.500000,32
MPEG-7,DINOv2,LEG,trunc,3005,0.835481,0.612629,0.888282,0.500000,16
MPEG-7,DINOv2,kval_le3,full,3005,0.835481,0.675010,0.897632,0.250000,k3/32
MPEG-7,DINOv2,kval_ext,full,3005,0.835481,0.676034,0.900493,0.250000,k3.5/32
MPEG-7,DINOv2,kval_le3,trunc,3005,0.835481,0.676480,0.901369,0.250000,k3/26
MPEG-7,DINOv2,kval_ext,trunc,3005,0.835481,0.676480,0.901369,0.250000,k3/26
MPEG-7,DINOv2,k2,full,3006,0.820824,0.650201,0.885441,0.500000,32
MPEG-7,DINOv2,k2,trunc,3006,0.820824,0.661592,0.893622,0.250000,14
MPEG-7,DINOv2,k2.5,full,3006,0.820824,0.657624,0.888063,0.250000,32
MPEG-7,DINOv2,k2.5,trunc,3006,0.820824,0.666081,0.893563,0.250000,23
MPEG-7,DINOv2,k3,full,3006,0.820824,0.661759,0.891232,0.250000,32
MPEG-7,DINOv2,k3,trunc,3006,0.820824,0.663869,0.893040,0.250000,29
MPEG-7,DINOv2,k3.5,full,3006,0.820824,0.661004,0.892984,0.250000,32
MPEG-7,DINOv2,k3.5,trunc,3006,0.820824,0.661004,0.892984,0.250000,32
MPEG-7,DINOv2,k4,full,3006,0.820824,0.658606,0.894690,0.250000,32
MPEG-7,DINOv2,k4,trunc,3006,0.820824,0.658606,0.894690,0.250000,32
MPEG-7,DINOv2,k5,full,3006,0.820824,0.646846,0.893747,0.250000,32
MPEG-7,DINOv2,k5,trunc,3006,0.820824,0.646846,0.893747,0.250000,32
MPEG-7,DINOv2,k6,full,3006,0.820824,0.626739,0.888277,0.250000,32
MPEG-7,DINOv2,k6,trunc,3006,0.820824,0.626739,0.888277,0.250000,32
MPEG-7,DINOv2,k8,full,3006,0.820824,0.575019,0.875453,0.250000,32
MPEG-7,DINOv2,k8,trunc,3006,0.820824,0.575019,0.875453,0.250000,32
MPEG-7,DINOv2,LEG,full,3006,0.820824,0.603866,0.873328,0.500000,32
MPEG-7,DINOv2,LEG,trunc,3006,0.820824,0.611402,0.878441,0.500000,18
MPEG-7,DINOv2,kval_le3,full,3006,0.820824,0.661759,0.891232,0.250000,k3/32
MPEG-7,DINOv2,kval_ext,full,3006,0.820824,0.661004,0.892984,0.250000,k3.5/32
MPEG-7,DINOv2,kval_le3,trunc,3006,0.820824,0.663869,0.893040,0.250000,k3/29
MPEG-7,DINOv2,kval_ext,trunc,3006,0.820824,0.663869,0.893040,0.250000,k3/29
MPEG-7,DINOv2,k2,full,3007,0.826502,0.660702,0.888093,0.500000,32
MPEG-7,DINOv2,k2,trunc,3007,0.826502,0.672726,0.893571,0.250000,15
MPEG-7,DINOv2,k2.5,full,3007,0.826502,0.664408,0.888667,0.250000,32
MPEG-7,DINOv2,k2.5,trunc,3007,0.826502,0.665753,0.893728,0.250000,19
MPEG-7,DINOv2,k3,full,3007,0.826502,0.668007,0.892554,0.250000,32
MPEG-7,DINOv2,k3,trunc,3007,0.826502,0.667278,0.893688,0.250000,25
MPEG-7,DINOv2,k3.5,full,3007,0.826502,0.668484,0.893381,0.250000,32
MPEG-7,DINOv2,k3.5,trunc,3007,0.826502,0.668459,0.893775,0.250000,30
MPEG-7,DINOv2,k4,full,3007,0.826502,0.664949,0.893697,0.250000,32
MPEG-7,DINOv2,k4,trunc,3007,0.826502,0.663258,0.893437,0.250000,31
MPEG-7,DINOv2,k5,full,3007,0.826502,0.650982,0.893780,0.250000,32
MPEG-7,DINOv2,k5,trunc,3007,0.826502,0.650982,0.893780,0.250000,32
MPEG-7,DINOv2,k6,full,3007,0.826502,0.628950,0.889920,0.250000,32
MPEG-7,DINOv2,k6,trunc,3007,0.826502,0.628950,0.889920,0.250000,32
MPEG-7,DINOv2,k8,full,3007,0.826502,0.569570,0.875657,0.250000,32
MPEG-7,DINOv2,k8,trunc,3007,0.826502,0.569570,0.875657,0.250000,32
MPEG-7,DINOv2,LEG,full,3007,0.826502,0.602175,0.877691,0.500000,32
MPEG-7,DINOv2,LEG,trunc,3007,0.826502,0.606767,0.881554,0.500000,19
MPEG-7,DINOv2,kval_le3,full,3007,0.826502,0.668007,0.892554,0.250000,k3/32
MPEG-7,DINOv2,kval_ext,full,3007,0.826502,0.664949,0.893697,0.250000,k4/32
MPEG-7,DINOv2,kval_le3,trunc,3007,0.826502,0.665753,0.893728,0.250000,k2.5/19
MPEG-7,DINOv2,kval_ext,trunc,3007,0.826502,0.665753,0.893728,0.250000,k2.5/19
MPEG-7,DINOv2,k2,full,3008,0.818169,0.677548,0.879529,0.500000,32
MPEG-7,DINOv2,k2,trunc,3008,0.818169,0.690151,0.892011,0.250000,15
MPEG-7,DINOv2,k2.5,full,3008,0.818169,0.680931,0.887101,0.250000,32
MPEG-7,DINOv2,k2.5,trunc,3008,0.818169,0.683681,0.893311,0.250000,17
MPEG-7,DINOv2,k3,full,3008,0.818169,0.686925,0.890443,0.250000,32
MPEG-7,DINOv2,k3,trunc,3008,0.818169,0.688771,0.893495,0.250000,25
MPEG-7,DINOv2,k3.5,full,3008,0.818169,0.687329,0.891585,0.250000,32
MPEG-7,DINOv2,k3.5,trunc,3008,0.818169,0.682308,0.893032,0.250000,26
MPEG-7,DINOv2,k4,full,3008,0.818169,0.683153,0.892977,0.250000,32
MPEG-7,DINOv2,k4,trunc,3008,0.818169,0.677593,0.891865,0.250000,28
MPEG-7,DINOv2,k5,full,3008,0.818169,0.664229,0.888237,0.250000,32
MPEG-7,DINOv2,k5,trunc,3008,0.818169,0.664229,0.888237,0.250000,32
MPEG-7,DINOv2,k6,full,3008,0.818169,0.640565,0.883725,0.250000,32
MPEG-7,DINOv2,k6,trunc,3008,0.818169,0.640565,0.883725,0.250000,32
MPEG-7,DINOv2,k8,full,3008,0.818169,0.581435,0.868357,0.250000,32
MPEG-7,DINOv2,k8,trunc,3008,0.818169,0.581435,0.868357,0.250000,32
MPEG-7,DINOv2,LEG,full,3008,0.818169,0.612417,0.870487,0.500000,32
MPEG-7,DINOv2,LEG,trunc,3008,0.818169,0.617344,0.874234,0.500000,19
MPEG-7,DINOv2,kval_le3,full,3008,0.818169,0.686925,0.890443,0.250000,k3/32
MPEG-7,DINOv2,kval_ext,full,3008,0.818169,0.683153,0.892977,0.250000,k4/32
MPEG-7,DINOv2,kval_le3,trunc,3008,0.818169,0.683681,0.893311,0.250000,k2.5/17
MPEG-7,DINOv2,kval_ext,trunc,3008,0.818169,0.683681,0.893311,0.250000,k2.5/17
MPEG-7,DINOv2,k2,full,3009,0.832351,0.678460,0.900766,0.500000,32
MPEG-7,DINOv2,k2,trunc,3009,0.832351,0.681664,0.901205,0.500000,14
MPEG-7,DINOv2,k2.5,full,3009,0.832351,0.678650,0.901410,0.500000,32
MPEG-7,DINOv2,k2.5,trunc,3009,0.832351,0.676805,0.908990,0.250000,17
MPEG-7,DINOv2,k3,full,3009,0.832351,0.680392,0.902104,0.500000,32
MPEG-7,DINOv2,k3,trunc,3009,0.832351,0.679561,0.908207,0.250000,23
MPEG-7,DINOv2,k3.5,full,3009,0.832351,0.680566,0.901066,0.500000,32
MPEG-7,DINOv2,k3.5,trunc,3009,0.832351,0.667002,0.905843,0.250000,23
MPEG-7,DINOv2,k4,full,3009,0.832351,0.676791,0.907597,0.250000,32
MPEG-7,DINOv2,k4,trunc,3009,0.832351,0.674312,0.907683,0.250000,29
MPEG-7,DINOv2,k5,full,3009,0.832351,0.662389,0.903982,0.250000,32
MPEG-7,DINOv2,k5,trunc,3009,0.832351,0.662389,0.903982,0.250000,32
MPEG-7,DINOv2,k6,full,3009,0.832351,0.644096,0.899921,0.250000,32
MPEG-7,DINOv2,k6,trunc,3009,0.832351,0.644096,0.899921,0.250000,32
MPEG-7,DINOv2,k8,full,3009,0.832351,0.589408,0.885559,0.250000,32
MPEG-7,DINOv2,k8,trunc,3009,0.832351,0.589408,0.885559,0.250000,32
MPEG-7,DINOv2,LEG,full,3009,0.832351,0.621155,0.888427,0.500000,32
MPEG-7,DINOv2,LEG,trunc,3009,0.832351,0.627398,0.891617,0.500000,17
MPEG-7,DINOv2,kval_le3,full,3009,0.832351,0.680392,0.902104,0.500000,k3/32
MPEG-7,DINOv2,kval_ext,full,3009,0.832351,0.680392,0.902104,0.500000,k3/32
MPEG-7,DINOv2,kval_le3,trunc,3009,0.832351,0.681664,0.901205,0.500000,k2/14
MPEG-7,DINOv2,kval_ext,trunc,3009,0.832351,0.681664,0.901205,0.500000,k2/14
MPEG-7,DINOv2,k2,full,3010,0.821021,0.671330,0.886418,0.500000,32
MPEG-7,DINOv2,k2,trunc,3010,0.821021,0.685652,0.895389,0.250000,12
MPEG-7,DINOv2,k2.5,full,3010,0.821021,0.678975,0.890215,0.250000,32
MPEG-7,DINOv2,k2.5,trunc,3010,0.821021,0.684704,0.896250,0.250000,16
MPEG-7,DINOv2,k3,full,3010,0.821021,0.688066,0.894773,0.250000,32
MPEG-7,DINOv2,k3,trunc,3010,0.821021,0.688140,0.897098,0.250000,24
MPEG-7,DINOv2,k3.5,full,3010,0.821021,0.688941,0.895174,0.250000,32
MPEG-7,DINOv2,k3.5,trunc,3010,0.821021,0.688157,0.896209,0.250000,26
MPEG-7,DINOv2,k4,full,3010,0.821021,0.688022,0.896059,0.250000,32
MPEG-7,DINOv2,k4,trunc,3010,0.821021,0.683896,0.895759,0.250000,28
MPEG-7,DINOv2,k5,full,3010,0.821021,0.672494,0.893965,0.250000,32
MPEG-7,DINOv2,k5,trunc,3010,0.821021,0.672494,0.893965,0.250000,32
MPEG-7,DINOv2,k6,full,3010,0.821021,0.655673,0.889477,0.250000,32
MPEG-7,DINOv2,k6,trunc,3010,0.821021,0.655673,0.889477,0.250000,32
MPEG-7,DINOv2,k8,full,3010,0.821021,0.592703,0.872579,0.250000,32
MPEG-7,DINOv2,k8,trunc,3010,0.821021,0.592703,0.872579,0.250000,32
MPEG-7,DINOv2,LEG,full,3010,0.821021,0.618778,0.876527,0.500000,32
MPEG-7,DINOv2,LEG,trunc,3010,0.821021,0.625451,0.878451,0.500000,16
MPEG-7,DINOv2,kval_le3,full,3010,0.821021,0.688066,0.894773,0.250000,k3/32
MPEG-7,DINOv2,kval_ext,full,3010,0.821021,0.688022,0.896059,0.250000,k4/32
MPEG-7,DINOv2,kval_le3,trunc,3010,0.821021,0.684704,0.896250,0.250000,k2.5/16
MPEG-7,DINOv2,kval_ext,trunc,3010,0.821021,0.684704,0.896250,0.250000,k2.5/16
